Point,45.49862,-73.56348
Point,45.49777,-73.56169
Point,45.491368,-73.55608
Point,45.489883,-73.556348
Point,45.48827196,-73.55660071
Point,45.486087,-73.54732
Point,45.487063,-73.543373
Point,45.4880419,-73.53990113
Point,45.491295,-73.530413
Point,45.498088,-73.510245
Point,45.499359,-73.506625
Point,45.499359,-73.506625
Point,45.500123,-73.504309
Point,45.50092959,-73.5019513
Point,45.50478152,-73.48421813
Point,45.504823,-73.483303
Point,45.50613133,-73.46324576
Point,45.506353,-73.46022
Point,45.50751999,-73.44227968
Point,45.508316,-73.430775
Point,45.50889383,-73.42196189
Point,45.51023984,-73.40139302
Point,45.51118,-73.387277
Point,45.51158214,-73.38094534
Point,45.512,-73.37432
Point,45.51292841,-73.36048317
Point,45.51426343,-73.33994684
Point,45.514992,-73.333777
Point,45.51886749,-73.32048454
Point,45.52458042,-73.30159173
Point,45.53033887,-73.2823271
Point,45.531733,-73.277677
Point,45.53592538,-73.26356698
Point,45.54579,-73.23062
Point,45.545822,-73.230432
Point,45.54724423,-73.22536756
Point,45.548065,-73.218122
Point,45.548132,-73.210645
Point,45.54881512,-73.20443749
Point,45.554538,-73.200048
Point,45.56118176,-73.19559483
Point,45.564193,-73.193558
Point,45.569733,-73.18985
Point,45.57409089,-73.18646466
Point,45.575053,-73.185155
Point,45.5771,-73.17904
Point,45.57964483,-73.16739585
Point,45.581829,-73.157489
Point,45.58404635,-73.14728746
Point,45.58835608,-73.12802292
Point,45.59260258,-73.108735
Point,45.59540648,-73.09614823
Point,45.59693344,-73.08891006
Point,45.60125772,-73.06926937
Point,45.6056283,-73.04961669
Point,45.60990475,-73.02991508
Point,45.6142484,-73.01037017
Point,45.61853096,-72.99088554
Point,45.62292244,-72.97081138
Point,45.62718682,-72.95123956
Point,45.627912,-72.947913
Point,45.627912,-72.947913
Point,45.62847,-72.945462
Point,45.629073,-72.942777
Point,45.63158312,-72.93110456
Point,45.63579782,-72.91204442
Point,45.636193,-72.910168
Point,45.636922,-72.907532
Point,45.63790375,-72.90320531
Point,45.64307393,-72.88438596
Point,45.643337,-72.883711
Point,45.64977074,-72.86593989
Point,45.65685344,-72.84797342
Point,45.66955282,-72.83834718
Point,45.68049685,-72.82510872
Point,45.68851933,-72.8083074
Point,45.689,-72.80619
Point,45.69239937,-72.78838801
Point,45.693003,-72.785175
Point,45.69319,-72.78459
Point,45.69654219,-72.77790564
Point,45.70051665,-72.77184403
Point,45.71067066,-72.75709954
Point,45.720323,-72.742968
Point,45.72080692,-72.74235812
Point,45.730937,-72.72766483
Point,45.733205,-72.724375
Point,45.74112148,-72.71286126
Point,45.75126124,-72.69811365
Point,45.76139823,-72.68337312
Point,45.77085822,-72.66775227
Point,45.77944382,-72.65108882
Point,45.780708,-72.649176
Point,45.787412,-72.635508
Point,45.78799895,-72.63448711
Point,45.79660685,-72.61774878
Point,45.80517169,-72.60107603
Point,45.81377307,-72.5843176
Point,45.82388891,-72.56960136
Point,45.83506851,-72.55659043
Point,45.837976,-72.553179
Point,45.84519448,-72.5420792
Point,45.85115427,-72.5254884
Point,45.85174874,-72.52362358
Point,45.85568042,-72.51732401
Point,45.856594,-72.516144
Point,45.8621462,-72.50990324
Point,45.872013,-72.498608
Point,45.87363749,-72.49674087
Point,45.87951,-72.49016
Point,45.882431,-72.487905
Point,45.882431,-72.487905
Point,45.883488,-72.487015
Point,45.88505775,-72.48506105
Point,45.88962335,-72.47779319
Point,45.89572458,-72.46970326
Point,45.90026854,-72.46113776
Point,45.90532002,-72.45497395
Point,45.91639323,-72.44162289
Point,45.92737191,-72.42811129
Point,45.932518,-72.42074
Point,45.93702555,-72.41280954
Point,45.943944,-72.400631
Point,45.94621503,-72.39669563
Point,45.95863399,-72.39104698
Point,45.95868872,-72.3910627
Point,45.97239316,-72.39787403
Point,45.98605664,-72.40471117
Point,46.00034088,-72.40677444
Point,46.01482489,-72.40713715
Point,46.021528,-72.407327
Point,46.02694114,-72.40527657
Point,46.02861987,-72.40362051
Point,46.032392,-72.39968
Point,46.04072,-72.39708
Point,46.04180412,-72.3971492
Point,46.043637,-72.397321
Point,46.055333,-72.398491
Point,46.05624985,-72.39858599
Point,46.07071582,-72.40001987
Point,46.080415,-72.395697
Point,46.08338091,-72.39220183
Point,46.09455736,-72.37900642
Point,46.102183,-72.372818
Point,46.102869,-72.372383
Point,46.105754,-72.370557
Point,46.10730491,-72.36951572
Point,46.111648,-72.364163
Point,46.11794713,-72.35533216
Point,46.119521,-72.353138
Point,46.120807,-72.35136
Point,46.12671264,-72.33875461
Point,46.13446752,-72.32150942
Point,46.14243471,-72.30389866
Point,46.15035518,-72.28636896
Point,46.15783454,-72.26862879
Point,46.160118,-72.263006
Point,46.1650828,-72.25069173
Point,46.171716,-72.2343
Point,46.172385,-72.23260513
Point,46.17956434,-72.21483061
Point,46.18696647,-72.19657918
Point,46.193444,-72.180254
Point,46.19411265,-72.17886608
Point,46.195317,-72.176355
Point,46.201078,-72.165772
Point,46.202575,-72.163017
Point,46.20310696,-72.16207402
Point,46.205685,-72.15703
Point,46.21086279,-72.14452399
Point,46.211324,-72.143414
Point,46.21240223,-72.14084219
Point,46.21690365,-72.13693723
Point,46.22261328,-72.13641253
Point,46.23706351,-72.13509207
Point,46.25151161,-72.13376304
Point,46.26597431,-72.13240664
Point,46.26924888,-72.13190004
Point,46.27944966,-72.12567899
Point,46.29248398,-72.11654171
Point,46.29510655,-72.11457272
Point,46.297142,-72.112778
Point,46.299095,-72.107553
Point,46.30139995,-72.10116472
Point,46.30791548,-72.0827248
Point,46.313087,-72.068161
Point,46.31457308,-72.06395905
Point,46.32117437,-72.04537149
Point,46.32781267,-72.02678647
Point,46.329938,-72.02064
Point,46.332477,-72.014687
Point,46.33451248,-72.01177094
Point,46.33582304,-72.00958765
Point,46.33893628,-72.00807368
Point,46.34999105,-72.00790316
Point,46.357859,-72.007831
Point,46.361762,-72.007938
Point,46.36448376,-72.00767596
Point,46.369061,-72.004489
Point,46.37282,-71.995602
Point,46.3732206,-71.99291159
Point,46.37616356,-71.97244757
Point,46.37909745,-71.95194711
Point,46.38201468,-71.93148245
Point,46.382572,-71.927617
Point,46.38496316,-71.91100376
Point,46.38792008,-71.89050407
Point,46.389556,-71.878888
Point,46.39083116,-71.86992179
Point,46.39376577,-71.84934145
Point,46.39665663,-71.82904801
Point,46.39956608,-71.80853508
Point,46.40246686,-71.78803143
Point,46.404862,-71.770622
Point,46.40535775,-71.76741727
Point,46.408438,-71.760277
Point,46.41427192,-71.75136751
Point,46.42422623,-71.73615348
Point,46.43419778,-71.72099502
Point,46.44420347,-71.70573628
Point,46.45415894,-71.69054018
Point,46.459078,-71.685052
Point,46.465642,-71.680985
Point,46.46671454,-71.6803232
Point,46.47986356,-71.67219851
Point,46.482091,-71.670815
Point,46.49313687,-71.66399314
Point,46.50651611,-71.65573443
Point,46.5199067,-71.64744587
Point,46.53301387,-71.63935891
Point,46.5342,-71.638742
Point,46.539182,-71.634212
Point,46.541515,-71.628331
Point,46.54270028,-71.62483311
Point,46.545093,-71.617908
Point,46.54916739,-71.60647841
Point,46.555113,-71.594453
Point,46.55824302,-71.59020259
Point,46.560866,-71.586655
Point,46.56892132,-71.57581898
Point,46.57956492,-71.56139579
Point,46.59023159,-71.54696922
Point,46.60061289,-71.53291267
Point,46.61126027,-71.51846502
Point,46.61886653,-71.50828209
Point,46.62129872,-71.50335653
Point,46.62351,-71.49694
Point,46.62780671,-71.48442908
Point,46.631912,-71.472523
Point,46.63431945,-71.46549677
Point,46.64081228,-71.44715685
Point,46.64863409,-71.42936172
Point,46.65409458,-71.40982589
Point,46.66048963,-71.39142897
Point,46.663978,-71.381613
Point,46.66713041,-71.37261722
Point,46.67226,-71.358108
Point,46.67376941,-71.35381032
Point,46.68063507,-71.33433322
Point,46.684288,-71.326518
Point,46.68854829,-71.31801968
Point,46.694723,-71.30561
Point,46.69642782,-71.30047567
Point,46.700712,-71.286567
Point,46.702408,-71.283519
Point,46.753832,-71.300331
Point,46.753832,-71.300331
Point,46.709564,-71.270336
Point,46.7178,-71.249327
Point,46.717874,-71.249085
Point,46.71944182,-71.23943901
Point,46.72009463,-71.21850751
Point,46.720632,-71.213778
Point,46.72341908,-71.19795483
Point,46.72570282,-71.17715356
Point,46.72768604,-71.15627489
Point,46.72943419,-71.13725941
Point,46.73079,-71.122671
Point,46.73155423,-71.11448312
Point,46.733251,-71.095972
Point,46.73346731,-71.09358426
Point,46.73538487,-71.07269421
Point,46.7373047,-71.05178417
Point,46.73922584,-71.03088716
Point,46.7414908,-71.01006628
Point,46.744763,-70.99587
Point,46.74658039,-70.99031628
Point,46.75466136,-70.97289367
Point,46.764098,-70.958221
Point,46.7645727,-70.95757502
Point,46.772288,-70.947812
Point,46.7756554,-70.94389451
Point,46.778234,-70.941119
Point,46.78753382,-70.93213303
Point,46.79993304,-70.92050437
Point,46.81128128,-70.90678771
Point,46.81969887,-70.89067139
Point,46.82840298,-70.87336312
Point,46.83668649,-70.85689664
Point,46.8453509,-70.83967517
Point,46.85396111,-70.82255776
Point,46.8625926,-70.8053232
Point,46.87002946,-70.7876277
Point,46.873297,-70.779228
Point,46.877049,-70.76954729
Point,46.88422766,-70.7510268
Point,46.890482,-70.734895
Point,46.89141221,-70.73246264
Point,46.89876592,-70.7140628
Point,46.90732737,-70.69626974
Point,46.91563163,-70.67924611
Point,46.92385575,-70.66233779
Point,46.93226412,-70.64509306
Point,46.933202,-70.643138
Point,46.94070344,-70.62777612
Point,46.943905,-70.621178
Point,46.94911567,-70.61046591
Point,46.95750696,-70.59321492
Point,46.96552717,-70.57651844
Point,46.971768,-70.562922
Point,46.973442,-70.559161
Point,46.973442,-70.559161
Point,46.975637,-70.554435
Point,46.98190062,-70.54070826
Point,46.98982414,-70.52335261
Point,46.99791897,-70.50558779
Point,47.0059234,-70.48798478
Point,47.01389198,-70.47051066
Point,47.02347598,-70.45453931
Point,47.03394111,-70.44193439
Point,47.04581126,-70.42762699
Point,47.05706397,-70.41399495
Point,47.06808144,-70.40065872
Point,47.07907238,-70.38732157
Point,47.09036804,-70.37366098
Point,47.10108499,-70.36067857
Point,47.11259904,-70.34671309
Point,47.12384136,-70.33309088
Point,47.13506823,-70.31943702
Point,47.14627595,-70.30647449
Point,47.15781255,-70.29335946
Point,47.16876814,-70.28003663
Point,47.18001365,-70.26634209
Point,47.19100105,-70.2529279
Point,47.20224233,-70.23918388
Point,47.21337098,-70.22554826
Point,47.22461492,-70.21182404
Point,47.23554757,-70.19841183
Point,47.24703046,-70.18432367
Point,47.25797952,-70.17089993
Point,47.26918411,-70.15712447
Point,47.28009115,-70.14369591
Point,47.29103663,-70.13025306
Point,47.30251464,-70.11613163
Point,47.31343909,-70.1027046
Point,47.32387363,-70.08768053
Point,47.33302053,-70.07231515
Point,47.340491,-70.059786
Point,47.34288917,-70.0557612
Point,47.35229707,-70.03998651
Point,47.352766,-70.039164
Point,47.359615,-70.027668
Point,47.360623,-70.026107
Point,47.360623,-70.026107
Point,47.362465,-70.023097
Point,47.3730067,-70.00983543
Point,47.38494865,-69.9984057
Point,47.39724443,-69.98654938
Point,47.40936767,-69.97557417
Point,47.42091202,-69.96282331
Point,47.43076291,-69.94730268
Point,47.43836735,-69.92897063
Point,47.44491897,-69.90986648
Point,47.4554748,-69.89507156
Point,47.46585017,-69.88069004
Point,47.4757515,-69.86493545
Point,47.479581,-69.858878
Point,47.48572385,-69.84914898
Point,47.491812,-69.839394
Point,47.495394,-69.83371401
Point,47.50572764,-69.81859766
Point,47.51756963,-69.80698245
Point,47.53069938,-69.79749806
Point,47.54355655,-69.78820715
Point,47.55655753,-69.77834557
Point,47.56786903,-69.76560576
Point,47.57816345,-69.75025466
Point,47.58959951,-69.73687085
Point,47.60110017,-69.7234851
Point,47.61226359,-69.71049859
Point,47.616433,-69.705538
Point,47.62325828,-69.69629209
Point,47.630109,-69.687563
Point,47.63441674,-69.68230919
Point,47.641697,-69.673319
Point,47.64557666,-69.66852426
Point,47.6567129,-69.65480882
Point,47.66827275,-69.64278927
Point,47.68094195,-69.63133138
Point,47.69294664,-69.62045827
Point,47.70375491,-69.60861255
Point,47.71204671,-69.59017972
Point,47.72047028,-69.57306691
Point,47.73153494,-69.55921791
Point,47.74463594,-69.55074517
Point,47.75880496,-69.54628053
Point,47.77293551,-69.54183588
Point,47.78711519,-69.53739848
Point,47.80103242,-69.53194088
Point,47.810143,-69.524445
Point,47.822638,-69.52287
Point,47.824745,-69.527236
Point,47.824745,-69.527236
Point,47.827325,-69.528494
Point,47.835463,-69.522908
Point,47.83638429,-69.52192615
Point,47.838692,-69.519461
Point,47.84811629,-69.50920987
Point,47.86085992,-69.5007781
Point,47.87187967,-69.48703953
Point,47.88252316,-69.47235139
Point,47.89309975,-69.45777394
Point,47.90350334,-69.44342059
Point,47.91403177,-69.42875687
Point,47.92474321,-69.41399925
Point,47.93599357,-69.40022492
Point,47.94856171,-69.38869214
Point,47.96077791,-69.37751327
Point,47.97281504,-69.36644978
Point,47.98552123,-69.35473903
Point,47.99783363,-69.34340058
Point,48.00995217,-69.3322134
Point,48.02180187,-69.32130569
Point,48.03414349,-69.30989256
Point,48.04600714,-69.29707078
Point,48.05699091,-69.28268085
Point,48.06802228,-69.2682409
Point,48.07965124,-69.25301274
Point,48.09055232,-69.23870667
Point,48.09478203,-69.21913115
Point,48.1065515,-69.21009924
Point,48.109594,-69.206975
Point,48.11692322,-69.19665126
Point,48.1250077,-69.17834094
Point,48.125847,-69.176208
Point,48.127231,-69.172646
Point,48.127231,-69.172646
Point,48.128332,-69.170084
Point,48.13392759,-69.16206946
Point,48.14473188,-69.14776158
Point,48.15257415,-69.12961421
Point,48.16352578,-69.11497398
Point,48.1740707,-69.10001361
Point,48.182135,-69.0820944
Point,48.1901202,-69.06435046
Point,48.19826178,-69.04623514
Point,48.203183,-69.035612
Point,48.20749037,-69.02885862
Point,48.21701933,-69.01278936
Point,48.218588,-69.010036
Point,48.2263404,-68.99615069
Point,48.23555511,-68.98215299
Point,48.24654087,-68.96694511
Point,48.2558576,-68.95038274
Point,48.257229,-68.947759
Point,48.259122,-68.944267
Point,48.26525429,-68.93244686
Point,48.2734655,-68.914907
Point,48.28179365,-68.8970631
Point,48.28982098,-68.87699877
Point,48.290197,-68.868577
Point,48.2914649,-68.858394
Point,48.29936285,-68.84008757
Point,48.30473,-68.822532
Point,48.3055972,-68.8208154
Point,48.31692672,-68.80709213
Point,48.319263,-68.804636
Point,48.32726589,-68.7921744
Point,48.33691999,-68.77783313
Point,48.3471241,-68.7631272
Point,48.352019,-68.755781
Point,48.354865,-68.750076
Point,48.355998,-68.7461134
Point,48.3630909,-68.7280385
Point,48.372077,-68.71098901
Point,48.3798231,-68.69270289
Point,48.38886782,-68.67570843
Point,48.39807395,-68.65881941
Point,48.40705728,-68.64235645
Point,48.413898,-68.626838
Point,48.41518465,-68.62389933
Point,48.42320398,-68.60626862
Point,48.425807,-68.599967
Point,48.43237286,-68.58942199
Point,48.43914012,-68.57107145
Point,48.44368,-68.555086
Point,48.44470918,-68.55105772
Point,48.443572,-68.544732
Point,48.44404858,-68.53066971
Point,48.446243,-68.526799
Point,48.45041,-68.520765
Point,48.45041,-68.520765
Point,48.45444002,-68.51500177
Point,48.456221,-68.512252
Point,48.46263614,-68.49722576
Point,48.47044608,-68.47861371
Point,48.47818023,-68.46012117
Point,48.48586983,-68.44173568
Point,48.49349181,-68.42346882
Point,48.50081691,-68.40592956
Point,48.50841317,-68.38773302
Point,48.51595199,-68.36964567
Point,48.52370554,-68.35103806
Point,48.53142722,-68.33251475
Point,48.53916056,-68.31391652
Point,48.54687569,-68.29534158
Point,48.55461927,-68.27672706
Point,48.56233102,-68.25812104
Point,48.57007954,-68.23944525
Point,48.57782678,-68.22073746
Point,48.58555554,-68.20182542
Point,48.587551,-68.195325
Point,48.589238,-68.188993
Point,48.589238,-68.188993
Point,48.59093405,-68.18229784
Point,48.5958002,-68.16321448
Point,48.59498657,-68.14155897
Point,48.5896664,-68.12068671
Point,48.59320815,-68.10006076
Point,48.60398858,-68.08555913
Point,48.6139123,-68.07021095
Point,48.62357949,-68.05607363
Point,48.62537536,-68.03507128
Point,48.6148114,-68.0275146
Point,48.60295237,-68.02486411
Point,48.596914,-68.014564
Point,48.596849,-68.014571
Point,48.59324029,-68.01784997
Point,48.58107965,-68.02510122
Point,48.57508702,-68.00579506
Point,48.575373,-68.00253
Point,48.577917,-67.985471
Point,48.57852568,-67.98409305
Point,48.57367379,-67.96847236
Point,48.56834829,-67.94891107
Point,48.56272153,-67.93021565
Point,48.56524995,-67.90884162
Point,48.57130959,-67.88997794
Point,48.57468561,-67.86879741
Point,48.57863306,-67.84814154
Point,48.5839254,-67.8268453
Point,48.58664813,-67.80681164
Point,48.58118687,-67.78925134
Point,48.5761628,-67.77190459
Point,48.57799962,-67.75044063
Point,48.576564,-67.744331
Point,48.57052169,-67.7317884
Point,48.56278574,-67.71355581
Point,48.560445,-67.701089
Point,48.558127,-67.686296
Point,48.558127,-67.686296
Point,48.557279,-67.680656
Point,48.55586931,-67.67143642
Point,48.55256032,-67.65015016
Point,48.54927965,-67.62891249
Point,48.54597349,-67.60762872
Point,48.54275375,-67.5868958
Point,48.53931231,-67.56522616
Point,48.53346029,-67.54544604
Point,48.52972241,-67.52402965
Point,48.528323,-67.50265389
Point,48.5270176,-67.48237079
Point,48.5127355,-67.4816854
Point,48.4994054,-67.4740713
Point,48.49206937,-67.45598105
Point,48.4827104,-67.44511653
Point,48.470418,-67.439366
Point,48.46626,-67.436172
Point,48.46626,-67.436172
Point,48.462638,-67.429869
Point,48.459805,-67.427499
Point,48.45629409,-67.4237806
Point,48.44635441,-67.40836987
Point,48.44145645,-67.39256757
Point,48.4400497,-67.3714401
Point,48.4295137,-67.35285774
Point,48.41876382,-67.3357048
Point,48.41340396,-67.32150326
Point,48.40874001,-67.30063945
Point,48.40020856,-67.28416408
Point,48.397138,-67.279569
Point,48.38988734,-67.26901727
Point,48.3788412,-67.25503545
Point,48.36673327,-67.24345159
Point,48.35689562,-67.22711611
Point,48.352928,-67.22528
Point,48.349079,-67.227324
Point,48.349079,-67.227324
Point,48.346691,-67.228197
Point,48.34315832,-67.22733201
Point,48.339827,-67.233122
Point,48.33409071,-67.24166499
Point,48.31972158,-67.2393659
Point,48.30570446,-67.24399989
Point,48.29191888,-67.24789922
Point,48.27769199,-67.24444951
Point,48.268181,-67.240968
Point,48.26351377,-67.23926804
Point,48.256073,-67.236558
Point,48.25128385,-67.23031444
Point,48.24040498,-67.21676298
Point,48.22932496,-67.20416292
Point,48.21891822,-67.18963753
Point,48.216582,-67.18705
Point,48.20666841,-67.17827976
Point,48.1948992,-67.16643181
Point,48.18397844,-67.15243861
Point,48.17182108,-67.14098645
Point,48.15865481,-67.13380481
Point,48.14704166,-67.14352759
Point,48.13593932,-67.1555492
Point,48.12332535,-67.1504196
Point,48.11246937,-67.13528015
Point,48.10101555,-67.12214756
Point,48.08990416,-67.10901146
Point,48.07933229,-67.09848526
Point,48.06612712,-67.10333598
Point,48.05179299,-67.1031662
Point,48.04289527,-67.08846619
Point,48.03246249,-67.0741389
Point,48.03473842,-67.05486429
Point,48.031469,-67.042303
Point,48.02838149,-67.03981703
Point,48.02184,-67.029251
Point,48.01811807,-67.02586038
Point,48.00922301,-67.01093881
Point,47.99990475,-66.99401806
Point,47.99063326,-66.97871945
Point,47.98350656,-66.96004446
Point,47.979013,-66.951687
Point,47.974439,-66.944346
Point,47.97434726,-66.94383383
Point,47.974879,-66.938225
Point,47.974879,-66.938225
Point,47.975661,-66.933654
Point,47.976409,-66.930208
Point,47.9788407,-66.92335869
Point,47.9837272,-66.9037068
Point,47.9896723,-66.8838398
Point,47.9905282,-66.86253
Point,47.99122851,-66.8414619
Point,47.991389,-66.834978
Point,47.9894296,-66.8202147
Point,47.9868054,-66.7992622
Point,47.9856922,-66.7781639
Point,47.9832458,-66.757262
Point,47.9845476,-66.7357275
Point,47.987727,-66.726166
Point,47.9915861,-66.71652951
Point,47.998405,-66.70788
Point,47.9999022,-66.7018581
Point,48.003226,-66.686832
Point,48.004856,-66.67838
Point,48.004856,-66.67838
Point,48.0051861,-66.6770764
Point,48.005854,-66.674772
Point,48.0056272,-66.6573628
Point,48.003972,-66.65372
Point,48.003264,-66.636567
Point,48.00645,-66.6156397
Point,48.0127077,-66.5960547
Point,48.0180588,-66.5761908
Point,48.0237229,-66.5566151
Point,48.02847369,-66.5364966
Point,48.033477,-66.526108
Point,48.0370361,-66.5194291
Point,48.042172,-66.503782
Point,48.0428817,-66.4994313
Point,48.042721,-66.488521
Point,48.0401912,-66.4788758
Point,48.0351332,-66.4596949
Point,48.0278512,-66.44080391
Point,48.0204141,-66.42193621
Point,48.0156957,-66.4015356
Point,48.0111852,-66.3809024
Point,48.0067053,-66.3603898
Point,48.0021979,-66.3397365
Point,47.9976582,-66.3190829
Point,47.997616,-66.318892
Point,47.996034,-66.311536
Point,47.99419,-66.304574
Point,47.99419,-66.304574
Point,47.9922619,-66.30028809
Point,47.988092,-66.291564
Point,47.9839867,-66.282634
Point,47.9808154,-66.2611968
Point,47.9787283,-66.2401831
Point,47.973844,-66.2197285
Point,47.9730015,-66.1982839
Point,47.968787,-66.18347
Point,47.968569,-66.182891
Point,47.9673418,-66.1789419
Point,47.961871,-66.1589631
Point,47.959701,-66.148149
Point,47.957562,-66.142918
Point,47.9563424,-66.1404125
Point,47.9478519,-66.1229249
Point,47.9372451,-66.10388429
Point,47.9286392,-66.0902945
Point,47.924375,-66.084247
Point,47.9232424,-66.07168701
Point,47.9233226,-66.0501031
Point,47.9216907,-66.0286728
Point,47.92179,-66.027017
Point,47.921874,-66.025669
Point,47.9218651,-66.00688149
Point,47.921352,-66.004711
Point,47.92025,-66.000188
Point,47.92025,-66.000188
Point,47.920153,-65.999804
Point,47.91692039,-65.9862644
Point,47.9121407,-65.9664631
Point,47.9073452,-65.9465485
Point,47.9024203,-65.926089
Point,47.8972542,-65.9060598
Point,47.892093,-65.889395
Point,47.8911697,-65.8864422
Point,47.8851201,-65.866987
Point,47.882055,-65.857508
Point,47.8791352,-65.8476937
Point,47.8732778,-65.82887881
Point,47.8671599,-65.8107571
Point,47.8592662,-65.7925437
Point,47.8513833,-65.77433071
Point,47.839067,-65.7637202
Point,47.8241675,-65.7553466
Point,47.8106344,-65.747776
Point,47.803972,-65.744087
Point,47.803903,-65.743997
Point,47.7972306,-65.7402494
Point,47.787056,-65.734567
Point,47.7836774,-65.73268611
Point,47.780965,-65.731153
Point,47.77833,-65.729698
Point,47.77833,-65.729698
Point,47.777314,-65.729098
Point,47.775944,-65.728338
Point,47.7702061,-65.7251125
Point,47.756099,-65.7210925
Point,47.7414739,-65.7198121
Point,47.7272338,-65.71664249
Point,47.714651,-65.713868
Point,47.7128309,-65.7134693
Point,47.706812,-65.711693
Point,47.705767,-65.711164
Point,47.705684,-65.71112
Point,47.705571,-65.711036
Point,47.6989943,-65.7075914
Point,47.68521,-65.7002409
Point,47.6720548,-65.6909799
Point,47.669241,-65.689455
Point,47.659654,-65.68862
Point,47.658094,-65.6885428
Point,47.643577,-65.6862572
Point,47.636357,-65.682744
Point,47.6304247,-65.6776029
Point,47.626241,-65.674297
Point,47.622846,-65.67167
Point,47.618787,-65.670923
Point,47.618787,-65.670923
Point,47.6175243,-65.6712366
Point,47.604505,-65.673439
Point,47.6030942,-65.67366231
Point,47.5889032,-65.6760103
Point,47.582996,-65.677037
Point,47.57460841,-65.675732
Point,47.571794,-65.674567
Point,47.568713,-65.673139
Point,47.566251,-65.672055
Point,47.562769,-65.669466
Point,47.5614751,-65.66772981
Point,47.5506772,-65.652924
Point,47.5382273,-65.647771
Point,47.52447,-65.6420479
Point,47.5105349,-65.6362677
Point,47.4966832,-65.6305041
Point,47.4828668,-65.6246994
Point,47.4687529,-65.6214975
Point,47.4543388,-65.6217528
Point,47.4398984,-65.6220065
Point,47.4255349,-65.6222496
Point,47.4106791,-65.6224977
Point,47.3960199,-65.6227363
Point,47.3813711,-65.62299091
Point,47.3667223,-65.6232453
Point,47.3523511,-65.6235097
Point,47.337803,-65.6237076
Point,47.323329,-65.6239454
Point,47.308866,-65.62420931
Point,47.294489,-65.6244363
Point,47.292317,-65.624486
Point,47.2800622,-65.624669
Point,47.2654881,-65.624891
Point,47.2509968,-65.6251314
Point,47.2365059,-65.62534689
Point,47.221902,-65.6255809
Point,47.207036,-65.62581061
Point,47.191997,-65.6260166
Point,47.177541,-65.6262502
Point,47.163039,-65.6264626
Point,47.1512356,-65.61571519
Point,47.1371009,-65.61126549
Point,47.127898,-65.608795
Point,47.1228495,-65.6074417
Point,47.1092499,-65.6037794
Point,47.0951419,-65.59886441
Point,47.0814052,-65.5919355
Point,47.0685789,-65.5821012
Point,47.0552801,-65.5738517
Point,47.041354,-65.5682881
Point,47.0271341,-65.5631008
Point,47.0144252,-65.5622833
Point,47.010716,-65.566392
Point,47.008472,-65.569018
Point,47.008044,-65.56972
Point,47.007874,-65.569953
Point,47.006982,-65.571019
Point,47.006374,-65.571672
Point,47.00364,-65.574876
Point,47.00364,-65.574876
Point,47.0030719,-65.5755788
Point,46.9916253,-65.5888354
Point,46.984413,-65.596822
Point,46.9796876,-65.5995672
Point,46.9655132,-65.5970834
Point,46.9535306,-65.5841787
Point,46.953397,-65.583969
Point,46.947665,-65.578192
Point,46.94073799,-65.5779224
Point,46.9278786,-65.5683647
Point,46.9163369,-65.5560102
Point,46.9052805,-65.544199
Point,46.894945,-65.5304031
Point,46.8851598,-65.5151748
Point,46.872039,-65.5075181
Point,46.8578335,-65.5073426
Point,46.8441877,-65.50010501
Point,46.8303392,-65.491499
Point,46.817063,-65.4832429
Point,46.8038559,-65.4750223
Point,46.790485,-65.46675311
Point,46.782196,-65.461893
Point,46.7771871,-65.4584807
Point,46.7639077,-65.4502305
Point,46.7505928,-65.4420117
Point,46.7376879,-65.4322642
Point,46.731767,-65.42737
Point,46.729034,-65.425137
Point,46.729034,-65.425137
Point,46.7250403,-65.4218861
Point,46.7125116,-65.4115464
Point,46.7000269,-65.4012692
Point,46.6874539,-65.3909395
Point,46.6745647,-65.3810845
Point,46.6607365,-65.3742692
Point,46.6470091,-65.3675667
Point,46.6328241,-65.3605966
Point,46.6195519,-65.3540884
Point,46.6059016,-65.34743149
Point,46.5921108,-65.3406999
Point,46.5785576,-65.3340533
Point,46.5650944,-65.3267225
Point,46.5527029,-65.31624321
Point,46.5402826,-65.3057205
Point,46.52773221,-65.2951224
Point,46.5152254,-65.28451901
Point,46.50257679,-65.2738505
Point,46.4899998,-65.2631975
Point,46.4783002,-65.2533296
Point,46.472842,-65.248814
Point,46.472303,-65.248371
Point,46.4657592,-65.2427279
Point,46.4520629,-65.231216
Point,46.4396584,-65.2207613
Point,46.4281516,-65.2110461
Point,46.4154942,-65.2003648
Point,46.4019842,-65.1889407
Point,46.3903788,-65.1792341
Point,46.3777942,-65.168634
Point,46.3643441,-65.1573221
Point,46.352721,-65.14756
Point,46.340158,-65.1370147
Point,46.3275173,-65.12639259
Point,46.320458,-65.120489
Point,46.31495751,-65.1158674
Point,46.310332,-65.111994
Point,46.3020168,-65.1050569
Point,46.2896386,-65.09466801
Point,46.2770071,-65.0840721
Point,46.2643973,-65.0735327
Point,46.2519487,-65.06313781
Point,46.2396098,-65.05282189
Point,46.2270745,-65.04236629
Point,46.214454,-65.0317991
Point,46.2019299,-65.0213512
Point,46.1895133,-65.01099271
Point,46.1762623,-65.00167999
Point,46.171206,-64.998638
Point,46.159613,-64.991709
Point,46.158497,-64.991011
Point,46.1579133,-64.99065929
Point,46.156754,-64.989961
Point,46.144091,-64.9867327
Point,46.143572,-64.986785
Point,46.142475,-64.986815
Point,46.139652,-64.985832
Point,46.134186,-64.982319
Point,46.130585,-64.9794789
Point,46.1186936,-64.9671908
Point,46.1105615,-64.95083729
Point,46.1036312,-64.9326201
Point,46.0985864,-64.9133353
Point,46.098483,-64.912221
Point,46.0965157,-64.8932634
Point,46.0938978,-64.8723161
Point,46.092625,-64.866324
Point,46.091793,-64.857833
Point,46.090426,-64.8522355
Point,46.084096,-64.846689
Point,46.0778525,-64.8415373
Point,46.072905,-64.825075
Point,46.0729688,-64.8244583
Point,46.0750113,-64.8053287
Point,46.081553,-64.788452
Point,46.084623,-64.783994
Point,46.084623,-64.783994
Point,46.084864,-64.783349
Point,46.093271,-64.779321
Point,46.0962795,-64.77827701
Point,46.105458,-64.770711
Point,46.1084351,-64.7700268
Point,46.1204991,-64.7589177
Point,46.125065,-64.73941731
Point,46.128098,-64.7188811
Point,46.1310789,-64.69869341
Point,46.132118,-64.692811
Point,46.1346945,-64.6785319
Point,46.136537,-64.668315
Point,46.1367104,-64.65821531
Point,46.13578,-64.655902
Point,46.135108,-64.654572
Point,46.1282722,-64.641326
Point,46.1196778,-64.6245998
Point,46.11029031,-64.6086985
Point,46.1005842,-64.59355711
Point,46.0903728,-64.5790446
Point,46.082627,-64.569903
Point,46.0789921,-64.5669711
Point,46.0650761,-64.57033809
Point,46.0511198,-64.5682722
Point,46.048059,-64.567911
Point,46.0376654,-64.5614303
Point,46.025954,-64.559995
Point,46.023058,-64.5606131
Point,46.0089186,-64.5569536
Point,45.9952051,-64.5502932
Point,45.990905,-64.551918
Point,45.9817951,-64.55102571
Point,45.9679946,-64.5433799
Point,45.9541158,-64.5376368
Point,45.949515,-64.537505
Point,45.944261,-64.53513
Point,45.9416336,-64.5303913
Point,45.938785,-64.528554
Point,45.932843,-64.52537
Point,45.9277735,-64.5228429
Point,45.9141471,-64.520425
Point,45.9000152,-64.5253876
Point,45.8866263,-64.5250815
Point,45.8877769,-64.5063678
Point,45.87601251,-64.4966846
Point,45.8679075,-64.48121129
Point,45.866658,-64.472754
Point,45.8640917,-64.4619241
Point,45.8618775,-64.4414343
Point,45.860265,-64.438091
Point,45.8549517,-64.42465691
Point,45.8658568,-64.4135365
Point,45.8787224,-64.4077225
Point,45.8784196,-64.3868367
Point,45.8864443,-64.36994131
Point,45.887638,-64.369109
Point,45.887902,-64.368877
Point,45.891004,-64.366637
Point,45.891004,-64.366637
Point,45.891566,-64.366049
Point,45.8931622,-64.3549407
Point,45.890902,-64.345415
Point,45.8892352,-64.3353772
Point,45.8860675,-64.315163
Point,45.883027,-64.299683
Point,45.8807463,-64.2947011
Point,45.875986,-64.293829
Point,45.8678301,-64.296218
Point,45.8558663,-64.2894675
Point,45.8497405,-64.2705864
Point,45.8434594,-64.2513748
Point,45.8387157,-64.2334208
Point,45.837234,-64.225294
Point,45.835641,-64.219573
Point,45.834093,-64.216389
Point,45.8323523,-64.2144378
Point,45.829355,-64.211837
Point,45.829355,-64.211837
Point,45.828087,-64.21075
Point,45.8189973,-64.20918781
Point,45.816657,-64.209772
Point,45.811046,-64.214157
Point,45.806764,-64.2195266
Point,45.803382,-64.223495
Point,45.799666,-64.226971
Point,45.7948357,-64.2305951
Point,45.7813417,-64.2372318
Point,45.7671315,-64.2416703
Point,45.7527837,-64.2461044
Point,45.7391328,-64.25161461
Point,45.7246368,-64.2523923
Point,45.7165388,-64.2379043
Point,45.706841,-64.238614
Point,45.7039089,-64.2423581
Point,45.698441,-64.239927
Point,45.6929948,-64.2304734
Point,45.688487,-64.2138721
Point,45.6930578,-64.19443839
Point,45.695108,-64.178278
Point,45.6956122,-64.17415639
Point,45.687794,-64.159053
Point,45.6897767,-64.1405833
Point,45.690153,-64.137713
Point,45.69110261,-64.1202436
Point,45.691357,-64.114259
Point,45.692064,-64.109279
Point,45.692064,-64.109279
Point,45.692591,-64.107351
Point,45.696016,-64.10182071
Point,45.699083,-64.095121
Point,45.7021746,-64.0837316
Point,45.701576,-64.072178
Point,45.6974948,-64.0679835
Point,45.686111,-64.0578438
Point,45.6871087,-64.0380846
Point,45.6827822,-64.01879299
Point,45.6884275,-64.0012008
Point,45.689523,-63.999884
Point,45.694638,-63.990693
Point,45.6948693,-63.9847071
Point,45.695017,-63.982962
Point,45.6934273,-63.9647726
Point,45.693366,-63.962735
Point,45.6921666,-63.9452622
Point,45.6905747,-63.9236037
Point,45.6933693,-63.9035762
Point,45.693319,-63.901506
Point,45.6932535,-63.8834803
Point,45.692789,-63.881294
Point,45.6865334,-63.8661673
Point,45.683399,-63.859371
Point,45.6817885,-63.8467488
Point,45.6818401,-63.8261762
Point,45.683999,-63.80276409
Point,45.6813538,-63.7858229
Point,45.6707412,-63.77409609
Point,45.6694,-63.773071
Point,45.6613038,-63.7589792
Point,45.6576092,-63.7351101
Point,45.657196,-63.733083
Point,45.652749,-63.726925
Point,45.6492809,-63.7235893
Point,45.644594,-63.705169
Point,45.6445285,-63.70430849
Point,45.6432028,-63.6841075
Point,45.6353906,-63.66951241
Point,45.6215732,-63.662451
Point,45.6189911,-63.643324
Point,45.615899,-63.6231538
Point,45.6155286,-63.6035642
Point,45.616151,-63.589546
Point,45.6164319,-63.5833787
Point,45.6069468,-63.5712679
Point,45.5929034,-63.568712
Point,45.5790654,-63.56207921
Point,45.5656425,-63.5551679
Point,45.5516988,-63.54984909
Point,45.546851,-63.549679
Point,45.5378157,-63.5493307
Point,45.525909,-63.548442
Point,45.5229329,-63.54697119
Point,45.5122328,-63.53537901
Point,45.4978446,-63.5307669
Point,45.4857763,-63.5344632
Point,45.4811341,-63.55154239
Point,45.4729481,-63.5666477
Point,45.4605865,-63.5706012
Point,45.459293,-63.569493
Point,45.45251659,-63.5543279
Point,45.4483592,-63.5343206
Point,45.4436057,-63.515347
Point,45.4376997,-63.4973142
Point,45.4350431,-63.47673019
Point,45.4326577,-63.4582381
Point,45.429891,-63.4368735
Point,45.427263,-63.4166746
Point,45.4245873,-63.39604791
Point,45.4221984,-63.37772401
Point,45.417499,-63.363862
Point,45.4157564,-63.359358
Point,45.4084932,-63.34066729
Point,45.400984,-63.3213794
Point,45.396291,-63.309336
Point,45.3936527,-63.3025806
Point,45.3868809,-63.2863534
Point,45.383334,-63.282286
Point,45.3752548,-63.2740438
Point,45.36729,-63.269764
Point,45.367115,-63.269765
Point,45.364221,-63.271242
Point,45.364076,-63.271417
Point,45.363498,-63.27222
Point,45.361906,-63.277948
Point,45.361906,-63.277948
Point,45.361739,-63.278688
Point,45.361343,-63.279816
Point,45.360818,-63.281536
Point,45.360492,-63.282335
Point,45.360251,-63.282936
Point,45.357832,-63.287265
Point,45.347343,-63.2949
Point,45.3402827,-63.29496781
Point,45.333557,-63.294681
Point,45.3272963,-63.2943892
Point,45.3112521,-63.293755
Point,45.2962325,-63.293174
Point,45.2824147,-63.29055051
Point,45.2675495,-63.2868189
Point,45.2541808,-63.2833958
Point,45.2395476,-63.28211701
Point,45.22798,-63.282559
Point,45.2253191,-63.2830508
Point,45.2119922,-63.2912216
Point,45.1998765,-63.3005751
Point,45.188846,-63.303517
Point,45.1865863,-63.3060538
Point,45.1738884,-63.3096599
Point,45.170549,-63.309476
Point,45.1596451,-63.31437171
Point,45.1491099,-63.3283065
Point,45.1409189,-63.34517759
Point,45.1321039,-63.3613599
Point,45.1209684,-63.3747413
Point,45.1094052,-63.3874625
Point,45.09733241,-63.3980312
Point,45.0848682,-63.4088149
Point,45.0713525,-63.4163826
Point,45.0577691,-63.4225293
Point,45.0443596,-63.4280422
Point,45.039796,-63.436871
Point,45.0343428,-63.4385492
Point,45.020085,-63.4433366
Point,45.0062314,-63.4494567
Point,44.9949627,-63.4616423
Point,44.9851786,-63.4767345
Point,44.9757542,-63.4911989
Point,44.9657316,-63.50655899
Point,44.9547885,-63.5205314
Point,44.9429017,-63.5320449
Point,44.9349836,-63.5478749
Point,44.9277186,-63.56505181
Point,44.922859,-63.570308
Point,44.9164917,-63.5774755
Point,44.913909,-63.581345
Point,44.913096,-63.582026
Point,44.9038544,-63.5856943
Point,44.892228,-63.593867
Point,44.8909236,-63.59435369
Point,44.883472,-63.596355
Point,44.883032,-63.597019
Point,44.8796554,-63.6036574
Point,44.8670748,-63.6134709
Point,44.8600002,-63.6304008
Point,44.853863,-63.647409
Point,44.8428505,-63.6564977
Point,44.831304,-63.657204
Point,44.8292281,-63.65801829
Point,44.8148698,-63.6514144
Point,44.80251111,-63.6414591
Point,44.7883888,-63.64141691
Point,44.788086,-63.641201
Point,44.785772,-63.638582
Point,44.781622,-63.633204
Point,44.7769562,-63.62903259
Point,44.7626857,-63.6235176
Point,44.75028691,-63.6268806
Point,44.7405336,-63.6421175
Point,44.7310464,-63.6565211
Point,44.7215486,-63.6707809
Point,44.717326,-63.67316
Point,44.7100736,-63.6680019
Point,44.697262,-63.6604426
Point,44.696448,-63.660525
Point,44.6830893,-63.6598146
Point,44.674789,-63.6462436
Point,44.664002,-63.632878
Point,44.655703,-63.624978
Point,44.655346,-63.624881
Point,44.655288,-63.624831
Point,44.6511736,-63.62365801
Point,44.6410915,-63.6129905
Point,44.6341004,-63.5959915
Point,44.630606,-63.589159
Point,44.6284471,-63.5781371
Point,44.63503,-63.569193
Point,44.6392,-63.567692
