bar,mx,my,mz,ax,ay,az,p,q,r
97375.046875,-0.444272,-0.114503,0.888544,-0.573008,-0.540676,-9.818382,-0.003196,-0.000266,0.000533
97381.484375,-0.438556,-0.118073,0.890914,-0.574805,-0.553249,-9.812993,-0.002663,-0.003196,-0.001864
97381.140625,-0.441200,-0.115227,0.889980,-0.580193,-0.562231,-9.818382,0.000533,-0.002131,0.001864
97377.140625,-0.433960,-0.113801,0.893716,-0.565823,-0.546064,-9.802216,-0.001065,0.000533,-0.000533
97380.921875,-0.440138,-0.111563,0.890973,-0.585582,-0.547861,-9.814790,-0.000266,0.000000,-0.003196
97381.257812,-0.437189,-0.109678,0.892657,-0.578397,-0.546064,-9.805808,-0.001065,-0.000266,-0.002397
97377.921875,-0.440585,-0.114736,0.890349,-0.585582,-0.565823,-9.830956,-0.001864,-0.003995,-0.003462
97384.437500,-0.441247,-0.114115,0.890101,-0.569416,-0.535287,-9.789641,0.000000,-0.000533,0.001598
97378.265625,-0.438597,-0.105447,0.892476,-0.585582,-0.524509,-9.802216,-0.005859,-0.001864,-0.006125
97378.265625,-0.447313,-0.114892,0.886967,-0.578397,-0.556842,-9.804012,-0.001065,0.000000,-0.003995
97382.335938,-0.442103,-0.121124,0.888748,-0.589175,-0.562231,-9.798623,-0.002397,-0.002930,-0.002397
97363.039062,-0.438714,-0.115772,0.891138,-0.576601,-0.540676,-9.820178,-0.002131,0.001598,-0.001332
97393.515625,-0.433516,-0.121689,0.892892,-0.573008,-0.553249,-9.812993,-0.003995,-0.000799,-0.002131
97383.375000,-0.444816,-0.115774,0.888108,-0.598156,-0.565823,-9.823771,-0.001864,-0.002397,-0.000533
97388.023438,-0.444911,-0.113885,0.888304,-0.581990,-0.542472,-9.800420,-0.001332,-0.003196,-0.003462
97380.726562,-0.438346,-0.111109,0.891912,-0.567620,-0.542472,-9.798623,-0.004794,-0.002131,-0.000266
97377.921875,-0.441845,-0.114270,0.889784,-0.569416,-0.551453,-9.782456,-0.002930,0.000533,-0.002131
97377.375000,-0.435289,-0.111105,0.893409,-0.580193,-0.547861,-9.805808,-0.003462,0.001864,-0.001864
97378.007812,-0.435732,-0.114265,0.892794,-0.587379,-0.546064,-9.811197,-0.005060,-0.004794,-0.001065
97375.359375,-0.437559,-0.114345,0.891890,-0.571212,-0.551453,-9.795031,-0.004528,-0.004261,-0.003729
97383.015625,-0.436448,-0.112534,0.892664,-0.578397,-0.549657,-9.814790,0.000266,-0.002131,-0.001864
97372.132812,-0.439822,-0.118297,0.890260,-0.581990,-0.551453,-9.804012,-0.006392,-0.001065,-0.001065
97379.156250,-0.441293,-0.112995,0.890221,-0.581990,-0.560435,-9.800420,-0.005060,-0.001065,-0.003729
97387.570312,-0.441610,-0.118778,0.889310,-0.580193,-0.542472,-9.805808,-0.001864,0.002131,0.001065
97378.195312,-0.435550,-0.118373,0.892347,-0.576601,-0.547861,-9.816586,-0.003462,-0.001065,-0.001864
97376.398438,-0.440757,-0.112082,0.890601,-0.580193,-0.528102,-9.807605,-0.003196,-0.004261,-0.005326
97367.351562,-0.434777,-0.120517,0.892437,-0.587379,-0.567620,-9.791438,-0.001065,-0.002663,-0.003462
97383.703125,-0.428431,-0.112825,0.896503,-0.583786,-0.540676,-9.805808,0.000000,-0.003995,-0.000533
97383.250000,-0.439153,-0.118937,0.890505,-0.583786,-0.571212,-9.786049,-0.002930,0.003995,0.001065
97378.929688,-0.438830,-0.114608,0.891231,-0.583786,-0.569416,-9.811197,0.001065,-0.001332,-0.000533
97377.851562,-0.439153,-0.118937,0.890505,-0.573008,-0.542472,-9.787846,-0.003462,-0.000533,-0.000266
97380.031250,-0.431865,-0.117504,0.894251,-0.571212,-0.542472,-9.800420,-0.004261,-0.002131,-0.003462
97382.898438,-0.441323,-0.112613,0.890254,-0.583786,-0.555046,-9.804012,-0.002131,-0.005593,-0.002131
97378.429688,-0.434697,-0.122020,0.892272,-0.598156,-0.549657,-9.807605,-0.002131,-0.001864,-0.003729
97387.531250,-0.433330,-0.125757,0.892418,-0.569416,-0.560435,-9.791438,-0.000533,-0.001598,-0.001065
97379.343750,-0.436526,-0.122105,0.891367,-0.578397,-0.546064,-9.821975,-0.003729,-0.000266,-0.002131
97372.726562,-0.442392,-0.115206,0.889391,-0.596360,-0.560435,-9.795031,-0.001864,-0.001332,-0.000266
97380.671875,-0.439391,-0.113689,0.891073,-0.581990,-0.540676,-9.802216,-0.005326,-0.002397,-0.002131
97375.421875,-0.436654,-0.120194,0.891564,-0.587379,-0.555046,-9.812993,-0.000533,-0.002930,-0.001332
97373.132812,-0.438870,-0.123862,0.889973,-0.571212,-0.542472,-9.795031,-0.003995,-0.003462,-0.002663
97392.585938,-0.438867,-0.112764,0.891448,-0.560435,-0.531694,-9.804012,-0.003462,0.001598,0.000266
97390.593750,-0.438155,-0.114500,0.891577,-0.603545,-0.558638,-9.800420,-0.003196,-0.000799,-0.002397
97378.500000,-0.434265,-0.118851,0.892910,-0.581990,-0.555046,-9.796827,-0.003995,-0.001332,-0.001332
97377.851562,-0.438676,-0.116879,0.891012,-0.578397,-0.551453,-9.798623,-0.006924,-0.003196,-0.002131
97379.546875,-0.435550,-0.118373,0.892347,-0.581990,-0.547861,-9.820178,0.000266,-0.001864,0.000533
97377.828125,-0.436857,-0.116799,0.891916,-0.578397,-0.560435,-9.811197,0.000266,0.001598,-0.001598
97379.453125,-0.437483,-0.115849,0.891733,-0.567620,-0.558638,-9.793234,-0.002930,-0.001332,-0.001598
97380.781250,-0.436093,-0.118934,0.892008,-0.567620,-0.540676,-9.796827,-0.004794,-0.002397,-0.002930
97389.187500,-0.436031,-0.121120,0.891744,-0.580193,-0.538879,-9.809401,0.001065,0.001065,-0.000533
97379.867188,-0.438753,-0.115381,0.891169,-0.594564,-0.560435,-9.814790,0.000266,-0.001332,0.002397
97388.585938,-0.443536,-0.116960,0.888592,-0.592767,-0.549657,-9.793234,-0.002131,0.002397,0.000533
97383.906250,-0.431693,-0.121604,0.893786,-0.578397,-0.546064,-9.814790,-0.002663,-0.002930,-0.002131
97389.773438,-0.436902,-0.116406,0.891945,-0.592767,-0.553249,-9.807605,-0.003995,-0.002397,-0.001332
97381.085938,-0.438397,-0.121777,0.890493,-0.578397,-0.547861,-9.809401,0.002930,0.000000,0.002663
97379.382812,-0.434883,-0.119706,0.892495,-0.565823,-0.542472,-9.809401,-0.002397,-0.004528,-0.002397
97380.710938,-0.444970,-0.112766,0.888417,-0.578397,-0.567620,-9.814790,-0.000266,0.000533,0.002397
97377.468750,-0.435964,-0.120846,0.891814,-0.576601,-0.560435,-9.800420,-0.001864,-0.003729,-0.000266
97393.218750,-0.444136,-0.117118,0.888272,-0.589175,-0.562231,-9.811197,-0.003729,0.001598,-0.000533
97379.210938,-0.435450,-0.119176,0.892290,-0.569416,-0.544268,-9.807605,-0.004261,-0.002930,0.002131
97376.890625,-0.437439,-0.116243,0.891703,-0.558638,-0.540676,-9.805808,-0.002930,-0.000533,-0.003462
97392.539062,-0.445480,-0.114815,0.887899,-0.580193,-0.578397,-9.798623,-0.002397,0.001598,0.001598
97378.398438,-0.435606,-0.116162,0.892611,-0.549657,-0.522713,-9.787846,-0.004794,-0.002930,-0.003995
97385.710938,-0.435039,-0.116718,0.892815,-0.576601,-0.576601,-9.802216,-0.006924,-0.000533,0.001065
97388.351562,-0.437559,-0.114345,0.891890,-0.562231,-0.547861,-9.793234,0.002930,-0.000533,-0.003462
97383.250000,-0.438517,-0.119179,0.890786,-0.581990,-0.540676,-9.814790,-0.003196,-0.002397,-0.004261
97382.375000,-0.433259,-0.114417,0.893977,-0.574805,-0.574805,-9.807605,-0.002131,0.001332,-0.000799
97385.320312,-0.435901,-0.123024,0.891547,-0.565823,-0.549657,-9.780661,-0.004528,0.000000,-0.002930
97390.453125,-0.437846,-0.121203,0.890843,-0.576601,-0.578397,-9.825567,-0.003462,0.001864,-0.003462
97394.820312,-0.435883,-0.122353,0.891648,-0.578397,-0.551453,-9.802216,-0.004794,0.001065,-0.002397
97377.625000,-0.438397,-0.121777,0.890493,-0.580193,-0.571212,-9.802216,0.000799,-0.001598,-0.001065
97379.796875,-0.442369,-0.116254,0.889267,-0.573008,-0.535287,-9.787846,-0.001065,0.000799,0.000799
97383.429688,-0.438790,-0.113533,0.891388,-0.589175,-0.567620,-9.816586,-0.004261,-0.001598,-0.002397
97374.640625,-0.432438,-0.118768,0.893807,-0.573008,-0.540676,-9.809401,-0.003995,-0.001598,-0.001332
97382.992188,-0.437247,-0.120357,0.891252,-0.569416,-0.553249,-9.795031,-0.004794,-0.000799,-0.001864
97379.312500,-0.439908,-0.116087,0.890508,-0.581990,-0.569416,-9.795031,-0.003729,-0.001332,0.000000
97379.218750,-0.442208,-0.118939,0.888991,-0.573008,-0.522713,-9.816586,-0.004261,-0.001864,0.000000
97387.632812,-0.437963,-0.118615,0.891133,-0.558638,-0.578397,-9.764494,-0.003196,-0.004261,-0.002397
97381.820312,-0.435450,-0.119176,0.892290,-0.564027,-0.564027,-9.804012,-0.003462,-0.001065,0.003729
97378.554688,-0.442261,-0.117834,0.889112,-0.551453,-0.540676,-9.807605,-0.000266,0.000000,-0.000533
97385.390625,-0.442645,-0.122109,0.888344,-0.573008,-0.533491,-9.787846,-0.006125,-0.003729,-0.003196
97368.304688,-0.443514,-0.117356,0.888551,-0.555046,-0.555046,-9.812993,-0.002397,-0.000533,-0.001598
97378.296875,-0.443514,-0.117356,0.888551,-0.564027,-0.549657,-9.780661,-0.002663,0.003462,-0.000266
97377.507812,-0.446101,-0.114581,0.887618,-0.583786,-0.546064,-9.804012,-0.003995,-0.001864,-0.003729
97380.460938,-0.433561,-0.119497,0.893166,-0.564027,-0.562231,-9.802216,-0.003196,-0.004261,-0.000799
97372.875000,-0.440150,-0.122690,0.889503,-0.592767,-0.542472,-9.814790,-0.002930,0.000266,0.001598
97374.570312,-0.437426,-0.128027,0.890094,-0.573008,-0.565823,-9.811197,-0.003729,0.001864,-0.004794
97371.843750,-0.444235,-0.115228,0.888469,-0.571212,-0.547861,-9.816586,-0.003995,-0.001598,0.000000
97376.890625,-0.441293,-0.112995,0.890221,-0.610730,-0.567620,-9.805808,-0.005060,-0.001065,-0.000266
97378.429688,-0.430398,-0.121002,0.894492,-0.553249,-0.540676,-9.804012,-0.002663,0.001332,0.002131
97379.476562,-0.438867,-0.112764,0.891448,-0.553249,-0.528102,-9.769883,-0.007191,-0.005060,-0.000799
97372.132812,-0.442340,-0.116325,0.889272,-0.639470,-0.831670,-9.698032,-0.151272,0.100404,0.088420
97377.679688,-0.441969,-0.111639,0.890056,-0.519120,-0.727487,-10.111174,0.002131,-0.009854,0.002397
97372.078125,-0.442418,-0.114814,0.889429,-0.756227,-0.265847,-9.518406,-0.082028,-0.079098,0.156066
97367.671875,-0.442469,-0.113690,0.889548,-0.504750,-0.326920,-9.778864,-0.010653,-0.031160,-0.045808
97374.390625,-0.440959,-0.107178,0.891105,-0.256866,-0.134720,-10.107580,-0.233833,0.006658,-0.046873
97376.320312,-0.437399,-0.089328,0.894820,-0.806523,0.420326,-10.010582,-0.344091,-0.079098,-0.029828
97385.523438,-0.432905,-0.059658,0.899463,-0.646655,0.916095,-9.956695,-0.182166,-0.011452,-0.155267
97383.382812,-0.437796,-0.030615,0.898553,-0.917891,0.969983,-9.410630,-0.328644,0.117982,-0.094012
97372.007812,-0.448370,-0.016776,0.893690,-0.596360,1.600472,-10.078840,-0.331840,0.201075,0.008256
97364.117188,-0.455165,0.001533,0.890406,-0.483195,2.333348,-9.692643,-0.125705,0.050069,0.003995
97373.656250,-0.469195,0.012307,0.883009,0.073647,2.737507,-8.972342,-0.123574,0.104932,-0.021306
97369.820312,-0.474540,0.029274,0.879747,-0.271236,3.019521,-9.491462,-0.208266,0.144081,-0.056194
97371.484375,-0.487633,0.038457,0.872201,0.357457,3.351830,-9.116042,-0.297751,0.111856,-0.031959
97372.781250,-0.493665,0.067879,0.866999,0.096998,3.565585,-9.207652,-0.287630,0.134227,-0.011452
97385.187500,-0.507675,0.088494,0.856992,0.772394,4.084705,-8.684939,-0.221049,0.156066,-0.004261
97372.710938,-0.526259,0.101806,0.844208,1.050815,4.831952,-8.510701,-0.308137,0.210929,-0.097208
97372.953125,-0.535459,0.118116,0.836261,0.984353,4.939727,-8.383166,-0.210396,0.111057,-0.042612
97372.328125,-0.547780,0.144487,0.824051,1.210682,5.390590,-7.673642,-0.203205,0.088420,-0.028763
97365.765625,-0.549084,0.146530,0.822822,1.273552,5.381608,-7.799381,0.014914,-0.035687,-0.053531
97363.273438,-0.547639,0.154872,0.822257,1.956132,6.037245,-7.626939,-0.102269,-0.043145,-0.095610
97364.843750,-0.551762,0.166328,0.817248,1.253793,5.730084,-7.208410,-0.083626,-0.133961,-0.057260
97366.742188,-0.537615,0.188892,0.821760,1.375939,6.322851,-7.423961,-0.236230,-0.034888,-0.144348
97372.859375,-0.525107,0.190069,0.829540,0.506547,6.216872,-7.684420,-0.139288,-0.208532,-0.082561
97366.664062,-0.504415,0.216640,0.835842,0.168849,6.536607,-7.459887,-0.143549,-0.133428,-0.043411
97368.718750,-0.502776,0.222728,0.835230,0.456251,6.872508,-6.841972,-0.226908,-0.067913,-0.063651
97379.546875,-0.506298,0.244930,0.826844,0.122146,6.895860,-6.249204,-0.192819,0.002663,-0.052732
97375.937500,-0.509236,0.254618,0.822100,-0.274828,7.476053,-6.473737,-0.254606,0.006392,-0.023170
97365.687500,-0.512288,0.284604,0.810285,-0.192200,7.846084,-5.730084,-0.243953,-0.027431,-0.049004
97370.414062,-0.523755,0.301710,0.796650,0.116757,7.876620,-5.038522,-0.212260,0.025301,-0.013849
97365.312500,-0.515141,0.322179,0.794248,-0.262255,8.298742,-4.990023,-0.319323,0.007457,-0.026632
97377.171875,-0.529986,0.338700,0.777430,-0.274828,8.368796,-4.415218,-0.159528,-0.018376,-0.076435
97359.453125,-0.525311,0.351976,0.774701,0.000000,8.891509,-3.924838,-0.204803,0.001864,-0.035687
97365.765625,-0.518901,0.365020,0.772983,-0.337698,8.724457,-3.836821,-0.302278,0.012517,-0.055395
97363.976562,-0.530614,0.376154,0.759577,-0.576601,8.940009,-3.456013,-0.226376,-0.057526,-0.048737
97369.140625,-0.533747,0.393779,0.748366,-0.590971,9.092691,-2.929708,-0.143282,-0.016778,-0.030627
97357.257812,-0.536833,0.411945,0.736282,-0.731080,9.116042,-2.432142,-0.117715,0.015713,-0.053265
97376.328125,-0.540446,0.424771,0.726283,-0.490380,9.236392,-1.979483,-0.320921,-0.003995,-0.020241
97363.929688,-0.543430,0.426034,0.723311,-0.849633,9.297465,-2.042353,-0.105198,-0.010387,0.052200
97366.742188,-0.542243,0.433413,0.719809,-0.573008,9.592052,-2.002835,-0.117982,0.042079,-0.008789
97363.492188,-0.544559,0.446423,0.710044,-0.610730,9.730365,-1.846560,-0.192286,0.062054,-0.014382
97366.960938,-0.550195,0.443267,0.707672,-0.623304,9.432185,-1.059796,0.011452,-0.036753,-0.012517
97373.171875,-0.548613,0.458804,0.698944,-0.634081,9.442963,-1.257385,-0.139554,0.005326,-0.007191
97383.789062,-0.564766,0.443184,0.696152,-0.770598,9.755513,-1.499881,0.005326,-0.033823,-0.031160
97375.320312,-0.562169,0.450927,0.693275,-0.806523,9.284891,-0.736468,-0.053797,-0.029296,-0.015447
97370.750000,-0.561311,0.449845,0.694672,-0.786764,9.432185,-0.567620,-0.129966,0.015979,0.027165
97362.007812,-0.564639,0.453692,0.689454,-0.644859,9.804012,-0.833467,0.013316,0.050069,-0.024768
97368.375000,-0.559636,0.459701,0.689552,-0.641266,9.419611,-0.321531,0.029562,0.003729,-0.032492
97373.023438,-0.567662,0.461725,0.681594,-0.864003,9.735754,-0.889151,-0.024236,-0.002663,-0.024768
97376.023438,-0.557772,0.460854,0.690292,-0.989742,9.502239,-0.723895,0.059390,-0.033291,0.002930
97365.429688,-0.554678,0.459250,0.693845,-0.765209,9.398056,-0.747246,0.073505,-0.027964,-0.007990
97380.625000,-0.547976,0.456647,0.700854,-0.921484,9.561516,-0.864003,0.203205,-0.066581,-0.015447
97368.921875,-0.538003,0.443754,0.716683,-1.063389,9.200467,-1.313069,0.094545,-0.018376,-0.001332
97361.648438,-0.533263,0.436657,0.724542,-0.790356,9.834548,-1.683100,0.218120,-0.059923,-0.002397
97377.562500,-0.528856,0.425008,0.734629,-1.083148,9.207652,-2.036964,0.098540,-0.006658,-0.006125
97367.320312,-0.507748,0.421562,0.751317,-0.736468,9.462722,-2.315385,0.274314,-0.083359,0.019442
97373.906250,-0.508795,0.389403,0.767785,-1.011297,9.335187,-2.920726,0.314529,-0.079631,0.031693
97371.515625,-0.507430,0.388247,0.769271,-0.553249,9.248966,-3.177592,0.048471,0.009854,0.010919
97367.929688,-0.503887,0.368917,0.781024,-1.102906,8.975934,-3.917653,0.223180,-0.038084,0.027165
97369.218750,-0.489528,0.351183,0.798143,-0.779579,9.026229,-4.190685,0.263128,-0.047139,-0.021040
97372.492188,-0.480060,0.338145,0.809445,-0.872985,8.537645,-4.386478,0.258601,-0.006125,-0.037285
97366.500000,-0.469574,0.322832,0.821754,-1.083148,8.487350,-5.200186,0.304142,-0.010919,-0.067114
97367.382812,-0.461551,0.291237,0.837945,-1.169368,8.137078,-5.816305,0.310800,-0.065516,-0.021839
97367.382812,-0.446633,0.275367,0.851288,-1.160387,7.459887,-5.762417,0.426918,-0.063119,-0.015180
97367.445312,-0.436090,0.252037,0.863889,-1.408271,6.915618,-6.649771,0.210396,-0.043943,-0.009321
97369.015625,-0.429589,0.227139,0.873991,-1.390309,6.592291,-6.674919,0.360869,-0.042079,-0.045541
97361.664062,-0.419282,0.207213,0.883892,-1.729803,5.658233,-7.262298,0.238893,0.006392,0.014648
97375.664062,-0.414108,0.173607,0.893518,-1.569935,5.289999,-7.756270,0.448756,0.019175,-0.017045
97374.500000,-0.402064,0.138751,0.905038,-1.702859,4.345164,-8.552015,0.278042,0.009588,0.048737
97379.843750,-0.396656,0.100340,0.912467,-1.553769,4.346960,-9.229207,0.217054,0.038351,0.059657
97367.023438,-0.397198,0.065165,0.915417,-1.345402,3.964356,-9.067543,0.326780,-0.010120,-0.004261
97370.390625,-0.395784,0.051956,0.916873,-1.607657,2.502197,-9.054970,0.311067,-0.040481,0.064983
97370.429688,-0.401994,0.024738,0.915308,-1.243015,2.732118,-9.159153,0.292957,0.041813,0.038351
97370.367188,-0.402115,0.003093,0.915584,-1.059796,2.227368,-9.062155,0.198678,0.039682,0.078299
97366.171875,-0.408834,0.003062,0.912604,-1.366957,1.975891,-9.356742,0.081495,0.044210,0.107329
97376.359375,-0.417253,-0.013908,0.908684,-0.885558,1.846560,-9.577682,0.182965,0.088952,0.072174
97367.148438,-0.421835,-0.031980,0.906108,-0.917891,1.435215,-9.816586,0.175508,0.071908,0.100671
97376.421875,-0.429714,-0.039619,0.902095,-0.738265,0.939446,-9.769883,0.126504,0.081229,0.023437
97373.085938,-0.430550,-0.056491,0.900797,-0.605341,0.795745,-9.892029,0.157930,0.035421,0.006125
97377.789062,-0.441071,-0.074784,0.894351,-0.599952,0.425715,-9.791438,0.139288,0.023437,0.012517
97374.960938,-0.435219,-0.083990,0.896398,-0.316143,0.086221,-9.798623,0.140353,0.013849,0.033557
97373.882812,-0.444033,-0.093400,0.891129,-0.648452,0.005389,-9.486073,0.116117,0.093213,0.059923
97369.632812,-0.441896,-0.100569,0.891411,-0.820893,-0.001796,-9.795031,0.099872,-0.047139,-0.009055
97373.304688,-0.436811,-0.117193,0.891887,-0.206570,-0.161664,-9.689051,0.046340,-0.032758,-0.003196
97368.921875,-0.439273,-0.116323,0.890791,-1.348995,-0.644859,-9.769883,0.057260,-0.028230,0.072973
97386.570312,-0.435125,-0.125194,0.891624,-0.705932,-0.344883,-9.771679,-0.019175,-0.001864,0.214391
97368.992188,-0.438273,-0.123694,0.890290,-0.529898,-0.185015,-9.805808,-0.008256,0.011186,0.176573
97372.101562,-0.441027,-0.129266,0.888136,-0.493973,-0.256866,-9.834548,0.004794,0.004261,0.162990
97372.101562,-0.433342,-0.135324,0.891012,-0.540676,-0.170645,-9.816586,0.005326,0.002930,0.096143
97372.398438,-0.441981,-0.133515,0.887032,-0.502954,-0.220941,-9.809401,-0.005326,0.002131,-0.001332
97368.039062,-0.443893,-0.132256,0.886266,-0.472418,-0.258662,-9.814790,-0.002930,-0.001332,-0.004261
97375.640625,-0.445201,-0.130673,0.885844,-0.488584,-0.256866,-9.812993,-0.002131,0.000533,-0.003995
97372.710938,-0.438444,-0.130764,0.889195,-0.468825,-0.260458,-9.812993,-0.005593,-0.002930,-0.000533
97374.507812,-0.443868,-0.132703,0.886211,-0.484991,-0.255070,-9.809401,-0.002131,-0.002930,-0.002131
97369.632812,-0.437890,-0.130142,0.889559,-0.476010,-0.256866,-9.834548,-0.001864,0.002930,-0.003196
97376.257812,-0.435071,-0.125619,0.891590,-0.495769,-0.267643,-9.834548,-0.004261,-0.003729,0.000266
97375.000000,-0.439935,-0.126787,0.889035,-0.490380,-0.251477,-9.812993,-0.001864,-0.004261,0.000266
97374.406250,-0.440396,-0.129528,0.888411,-0.486788,-0.242496,-9.827363,-0.005060,-0.001065,0.000000
97370.046875,-0.437352,-0.139710,0.888372,-0.488584,-0.255070,-9.832752,-0.002131,-0.001332,-0.000266
97363.015625,-0.442430,-0.136365,0.886375,-0.472418,-0.260458,-9.904603,0.001332,-0.005326,-0.003196
97375.718750,-0.443130,-0.124441,0.887778,-0.470621,-0.265847,-9.830956,-0.008256,-0.004528,0.000533
97381.843750,-0.442013,-0.133063,0.887085,-0.486788,-0.247885,-9.812993,-0.004261,-0.000266,-0.001065
97370.789062,-0.442278,-0.128551,0.887617,-0.107776,-0.784968,-9.852511,-0.000799,0.005060,0.124906
97377.234375,-0.441890,-0.135022,0.886849,-0.470621,-0.233514,-9.771679,0.007990,0.010387,0.132363
97367.054688,-0.444243,-0.136457,0.885453,-0.626896,0.057480,-9.733957,-0.005859,0.014914,-0.003729
97369.335938,-0.441089,-0.147542,0.885252,-0.413141,-0.274828,-9.821975,-0.022904,-0.005593,0.001864
97372.992188,-0.440727,-0.134200,0.887553,-0.432900,-0.253273,-9.814790,0.005326,0.004261,0.002930
97375.062500,-0.438579,-0.139617,0.887781,-0.427511,-0.082628,-9.800420,0.025567,0.009588,0.043943
97377.265625,-0.435882,-0.143262,0.888529,-0.477806,-0.188608,-9.825567,0.031959,-0.011718,0.010653
97370.414062,-0.435882,-0.152406,0.887006,-0.441881,-0.418530,-9.893826,0.218120,-0.073239,-0.001332
97362.484375,-0.431733,-0.166876,0.886431,-1.088536,-1.205294,-10.262059,0.069511,-0.183231,-0.028497
97374.570312,-0.414894,-0.181998,0.891482,-1.555565,-1.808838,-9.845326,0.349950,-0.260731,0.010120
97375.320312,-0.400681,-0.208046,0.892285,-1.255589,-2.101629,-9.493258,0.244219,-0.211195,0.012784
97382.242188,-0.375689,-0.229078,0.897987,-1.966910,-2.726730,-9.310040,0.303610,-0.223712,-0.013050
97361.070312,-0.364381,-0.241383,0.899422,-2.385439,-2.275867,-9.328002,0.218652,-0.260465,-0.091349
97372.132812,-0.351762,-0.269269,0.896526,-2.879412,-4.066743,-8.728049,0.421059,-0.230104,-0.101470
97369.515625,-0.331962,-0.294024,0.896298,-2.987188,-4.151167,-8.316705,0.338764,-0.195748,-0.037552
97371.804688,-0.324905,-0.312287,0.892700,-3.448828,-4.587660,-8.158633,0.261530,-0.152071,-0.266857
97360.625000,-0.323736,-0.333258,0.885513,-2.883005,-5.399571,-7.828121,0.302811,-0.139820,-0.089219
97376.320312,-0.326543,-0.353490,0.876593,-3.195555,-5.397775,-7.555089,0.234365,-0.095344,-0.122243
97378.007812,-0.322601,-0.378222,0.867685,-2.888393,-6.001320,-7.125782,0.270053,-0.066048,-0.094012
97377.937500,-0.327934,-0.395782,0.857797,-3.213517,-6.010301,-6.881489,0.245551,-0.094279,0.015713
97374.437500,-0.330419,-0.419502,0.845483,-3.064427,-7.258705,-6.658753,0.243154,-0.071641,-0.100138
97367.507812,-0.327397,-0.434900,0.838852,-3.757786,-7.177873,-5.692362,0.310268,-0.121178,-0.009588
97366.804688,-0.335054,-0.450023,0.827779,-3.184777,-7.213799,-5.370831,0.225044,-0.017844,-0.115052
97371.578125,-0.336086,-0.478468,0.811243,-1.925596,-7.546107,-5.514532,0.118514,-0.069244,-0.135825
97373.585938,-0.345146,-0.496673,0.796361,-3.206332,-8.343649,-5.201982,0.225843,-0.120379,-0.069511
97372.781250,-0.354561,-0.505796,0.786420,-2.960244,-8.580756,-5.034930,0.128635,0.034888,0.052466
97370.750000,-0.359876,-0.517535,0.776303,-3.497327,-8.508905,-4.517605,0.223979,-0.115318,-0.077234
97364.585938,-0.358177,-0.531267,0.767766,-3.114723,-8.539442,-3.579955,0.243420,-0.052200,-0.111856
97367.039062,-0.380471,-0.551855,0.742090,-2.588417,-8.395741,-3.249443,0.250345,-0.014914,-0.178437
97356.796875,-0.388637,-0.561365,0.730637,-2.232757,-9.239985,-3.249443,0.181100,-0.039682,-0.144880
97365.851562,-0.405050,-0.576417,0.709703,-2.383643,-9.561516,-2.760859,0.320388,-0.002397,-0.187226
97367.382812,-0.422333,-0.575429,0.700369,-1.932781,-9.211245,-2.417772,0.157398,0.000533,-0.098806
97369.218750,-0.429244,-0.588224,0.685378,-2.166295,-9.432185,-1.799857,0.163789,-0.025833,-0.038084
97361.921875,-0.438339,-0.595143,0.673545,-1.979483,-9.495054,-1.647175,0.170714,0.000533,-0.034622
97353.179688,-0.450958,-0.605470,0.655776,-1.465752,-9.996212,-1.264570,0.204271,-0.100937,-0.112389
97358.039062,-0.456090,-0.608120,0.649747,-1.429827,-9.782456,-1.151406,0.095877,-0.006658,-0.075902
97362.812500,-0.468559,-0.607121,0.641761,-1.323847,-9.854307,-0.903521,0.111590,-0.060988,-0.071375
97369.632812,-0.487880,-0.608932,0.625440,-1.465752,-9.877659,-0.368234,0.096409,0.017577,-0.040748
97370.687500,-0.482524,-0.623029,0.615634,-0.977168,-9.760901,-0.061073,0.177372,-0.054863,-0.082827
97363.039062,-0.491791,-0.620327,0.611013,-1.345402,-9.838140,0.145497,0.105731,0.009854,-0.050335
97362.851562,-0.501307,-0.620136,0.603426,-0.777783,-9.872270,0.008981,0.056461,0.035155,0.025034
97367.765625,-0.500739,-0.625923,0.597897,-0.752635,-9.974657,0.596360,0.123841,-0.035421,-0.067913
97360.531250,-0.517996,-0.620478,0.588802,-0.716710,-9.505832,0.666414,0.078299,0.006658,-0.013583
97372.429688,-0.514778,-0.625625,0.586171,-0.689766,-9.935140,1.031056,0.094545,-0.055129,-0.021572
97373.070312,-0.516885,-0.627378,0.582432,-0.980760,-10.197393,1.117277,0.064717,0.011452,0.026366
97373.859375,-0.518864,-0.633319,0.574184,-1.124462,-9.750124,0.725691,-0.006392,-0.001864,0.047406
97364.046875,-0.517046,-0.628381,0.581205,-0.982557,-9.852511,1.126258,0.029029,-0.009854,0.012251
97376.742188,-0.516007,-0.636409,0.573341,-0.716710,-10.060878,1.356180,0.096409,-0.021040,-0.016778
97362.414062,-0.528928,-0.629767,0.568883,-1.036445,-9.663903,1.128054,0.072973,0.007723,-0.025034
97368.265625,-0.522948,-0.638527,0.564632,-0.761616,-9.780661,1.381327,0.066847,-0.059657,-0.043145
97361.093750,-0.537950,-0.624099,0.566666,-0.919687,-9.389075,1.072370,0.028230,-0.019175,-0.050335
97362.617188,-0.536252,-0.630432,0.561239,-0.682581,-9.748327,1.153202,0.023170,-0.002131,-0.054596
97370.367188,-0.540970,-0.630813,0.556262,-0.628693,-9.985435,1.420845,0.027964,0.021040,0.005326
97364.640625,-0.537661,-0.634898,0.554820,-0.208367,-9.751921,1.447789,0.016246,0.020773,0.040215
97364.343750,-0.534226,-0.635710,0.557203,-0.978964,-10.060878,1.347198,-0.020241,0.028497,0.103334
97363.210938,-0.527816,-0.641470,0.556711,-0.864003,-9.751921,1.445993,-0.036220,0.023969,0.068179
97365.601562,-0.520978,-0.641055,0.563586,-1.108295,-9.960287,1.507066,-0.008522,-0.040215,0.178704
97367.929688,-0.505371,-0.649763,0.567811,-1.956132,-9.268725,1.000519,-0.245018,0.102801,0.380045
97354.296875,-0.476191,-0.671351,0.567917,-2.101629,-9.288484,0.864003,-0.112389,0.027431,0.191221
97362.414062,-0.454210,-0.680323,0.575200,-2.389032,-9.575887,1.070574,-0.005593,0.014914,0.117449
97363.015625,-0.423517,-0.692667,0.583820,-2.577640,-9.408834,0.907114,-0.071641,0.006658,0.300414
97368.242188,-0.391744,-0.685059,0.614191,-2.791395,-9.631571,1.408271,0.071908,-0.017311,0.207999
97364.585938,-0.373876,-0.691770,0.617795,-4.093687,-9.751921,0.846041,-0.065516,0.038883,0.320122
97373.625000,-0.334686,-0.701630,0.629048,-4.406237,-8.699309,0.513732,-0.068179,0.023437,0.292690
97373.289062,-0.310828,-0.708111,0.634007,-4.544549,-8.449629,0.343087,-0.115585,0.002397,0.324383
97369.476562,-0.271624,-0.704588,0.655573,-5.550457,-8.181985,0.174238,-0.084691,-0.017577,0.282304
97363.859375,-0.241362,-0.705519,0.666324,-6.207891,-8.070617,-0.134720,-0.083626,0.001598,0.325715
97364.023438,-0.191663,-0.697150,0.690831,-6.206094,-7.894583,0.438289,0.031693,0.030095,0.367794
97368.359375,-0.141431,-0.681826,0.717712,-7.007228,-6.894063,0.023351,-0.077234,-0.011452,0.420260
97371.328125,-0.115544,-0.674004,0.729636,-7.790400,-6.576125,-0.337698,-0.096409,0.040748,0.311599
97357.703125,-0.079720,-0.659302,0.747640,-7.917934,-6.656956,-0.511935,-0.025567,0.018110,0.233034
97366.554688,-0.047536,-0.652543,0.756259,-8.323890,-5.843248,-0.298180,-0.002930,-0.025833,0.314263
97359.101562,-0.022064,-0.637638,0.770020,-8.873547,-5.492977,-0.165256,0.007457,0.077234,0.299348
97370.328125,-0.002232,-0.627140,0.778903,-8.839417,-5.088818,-0.449066,-0.007191,0.037552,0.200808
97370.687500,0.031149,-0.609630,0.792074,-8.738827,-4.533772,-0.449066,-0.041280,0.053265,0.367261
97362.875000,0.055186,-0.580561,0.812344,-9.437574,-4.167334,-0.353864,-0.044476,0.104399,0.315594
97368.062500,0.080859,-0.550290,0.831050,-9.656718,-3.213517,-0.903521,-0.079365,0.029562,0.331840
97363.078125,0.110913,-0.520611,0.846559,-9.509424,-2.997966,-0.612526,0.013050,0.029828,0.244486
97362.914062,0.136503,-0.507336,0.850868,-10.145302,-2.653083,-0.955613,-0.024768,-0.039150,0.192286
97372.695312,0.147004,-0.509919,0.847568,-9.566905,-1.909429,-0.775986,-0.011718,-0.014648,0.241822
97360.531250,0.159266,-0.466258,0.870194,-9.645941,-1.544788,-0.641266,-0.021040,0.000266,0.155267
97374.914062,0.165834,-0.453125,0.875886,-9.870474,-1.041833,-0.659229,-0.011985,0.007990,0.035954
97360.656250,0.179612,-0.445530,0.877065,-9.904603,-0.826282,-0.993334,-0.000799,-0.015180,0.068179
97363.171875,0.177531,-0.448499,0.875975,-10.091414,-0.553249,-0.937650,-0.018376,0.008256,-0.062320
97358.359375,0.165948,-0.474794,0.864310,-9.956695,-1.228645,-0.761616,-0.017577,-0.043145,-0.231436
97368.296875,0.140271,-0.478301,0.866921,-9.489666,-1.287922,-0.758024,-0.070842,-0.055662,-0.281771
97364.187500,0.135388,-0.496423,0.857458,-9.954898,-1.952540,-0.687969,-0.030894,-0.054330,-0.275379
97372.898438,0.099836,-0.523052,0.846433,-9.920769,-3.147055,-0.802930,-0.053797,0.122775,-0.440767
97366.742188,0.059768,-0.544314,0.836750,-9.376501,-3.748804,-1.528621,-0.237029,0.156599,-0.300946
97359.585938,0.033040,-0.547229,0.836331,-8.878936,-4.012855,-1.383124,-0.051134,0.052466,-0.324117
97362.171875,-0.012226,-0.539996,0.841579,-8.740623,-4.505032,-1.896855,-0.195482,0.050069,-0.295087
97364.734375,-0.029996,-0.541928,0.839889,-8.602311,-4.964875,-2.085463,-0.235431,0.198145,-0.239425
97365.757812,-0.054303,-0.521700,0.851399,-8.611292,-5.613327,-2.897375,-0.296419,0.247149,-0.267390
97367.234375,-0.089116,-0.503136,0.859600,-7.923323,-4.894821,-3.518882,-0.380045,0.257269,-0.202673
97362.109375,-0.124361,-0.479422,0.868728,-6.421646,-4.806804,-4.190685,-0.335302,0.316926,-0.402949
97368.203125,-0.165099,-0.443161,0.881108,-7.080875,-5.855823,-5.110373,-0.378713,0.392029,-0.267123
97368.695312,-0.185046,-0.417626,0.889577,-5.868396,-5.625901,-5.588179,-0.294022,0.348086,-0.163523
97369.289062,-0.227925,-0.390967,0.891737,-5.408553,-5.778583,-6.389313,-0.420260,0.324916,-0.026632
97361.500000,-0.258293,-0.340624,0.904025,-5.924080,-5.507347,-6.741381,-0.406943,0.392296,0.000266
97364.187500,-0.284721,-0.276768,0.917787,-3.847599,-4.140390,-8.262817,-0.596034,0.410938,0.018110
97372.625000,-0.304392,-0.242883,0.921061,-3.139870,-2.816543,-8.891509,-0.608018,0.225044,-0.027698
97366.875000,-0.326903,-0.217414,0.919709,-2.769840,-2.119592,-9.166338,-0.372321,0.270319,-0.072973
97375.804688,-0.361519,-0.176880,0.915433,-2.460882,-1.868115,-9.552535,-0.245018,0.349151,-0.031426
97373.226562,-0.389674,-0.158642,0.907186,-1.936373,-1.284329,-9.615404,-0.406677,0.307604,-0.026366
97367.445312,-0.414483,-0.147372,0.898046,-1.025667,-0.693358,-10.015971,-0.193085,0.361136,0.015180
97368.789062,-0.441334,-0.123696,0.888777,-0.853226,-0.413141,-9.838140,-0.127037,0.064184,0.003462
97385.156250,-0.438353,-0.132881,0.888926,-0.088017,-0.346679,-9.892029,-0.081495,0.096143,0.006658
97360.296875,-0.434956,-0.128198,0.891279,-0.371827,-0.562231,-9.852511,-0.008522,0.019708,0.246350
97365.351562,-0.437111,-0.142636,0.888025,-0.357457,-0.407752,-9.796827,-0.006125,0.018110,0.313730
97362.945312,-0.435634,-0.146740,0.888082,-0.481399,-0.251477,-9.845326,-0.014914,0.021572,0.310800
97379.117188,-0.446797,-0.154068,0.881269,-1.180146,0.346679,-10.095007,-0.056727,0.073505,0.249546
97381.210938,-0.443358,-0.158997,0.882130,-0.362845,-0.307161,-9.829160,0.002131,-0.003729,0.001598
97374.937500,-0.441677,-0.156871,0.883353,-0.395178,-0.278421,-9.812993,-0.005060,-0.002663,-0.002930
97369.210938,-0.442236,-0.157613,0.882941,-0.373623,-0.280217,-9.814790,-0.001065,-0.003196,-0.001065
97368.632812,-0.444094,-0.157188,0.882084,-0.391586,-0.282014,-9.823771,-0.005593,0.005859,-0.003196
97371.164062,-0.440937,-0.158676,0.883400,-0.382604,-0.274828,-9.823771,-0.006658,-0.001332,-0.003729
97368.304688,-0.448452,-0.156116,0.880067,-0.370030,-0.256866,-9.836345,0.000000,-0.001332,0.000533
97362.515625,-0.449704,-0.154444,0.879724,0.231718,0.391586,-9.847122,0.007191,-0.002397,-0.144081
97379.765625,-0.445962,-0.147639,0.882791,0.274828,-0.411345,-9.908195,-0.044210,0.041547,-0.108394
97376.984375,-0.451218,-0.150406,0.879648,0.102387,-0.235311,-9.881251,0.020241,-0.000533,-0.223979
97379.929688,-0.453740,-0.140552,0.879980,-0.290995,0.201182,-9.658514,-0.026899,-0.017311,-0.356874
97365.117188,-0.458708,-0.128012,0.879318,-0.770598,-0.571212,-9.848919,-0.023170,-0.018376,-0.451153
97370.312500,-0.455772,-0.113188,0.882870,-0.691562,-0.650248,-9.847122,0.114786,-0.055928,-0.472459
97376.937500,-0.468934,-0.089538,0.878683,-0.511935,-0.418530,-9.712402,-0.112123,-0.024768,-0.101470
97375.257812,-0.475932,-0.077301,0.876078,-0.204774,-0.032333,-10.051896,-0.111324,0.258335,-0.498026
97374.218750,-0.485678,-0.050086,0.872702,-0.267643,0.280217,-9.410630,0.033557,-0.052200,-0.041280
97367.648438,-0.513080,-0.045272,0.857146,-0.447270,0.795745,-8.210725,0.219717,0.066581,-0.064717
97369.882812,-0.506524,-0.049748,0.860789,0.361049,0.229922,-9.254355,0.047406,0.073239,-0.044476
97380.671875,-0.523825,-0.048168,0.850463,1.169368,-0.066462,-10.694959,0.016246,0.307072,-0.109459
97373.609375,-0.544744,-0.040970,0.837601,1.611249,-0.190404,-10.490185,0.069244,0.249279,-0.118514
97376.226562,-0.558699,-0.043909,0.828207,1.534010,-0.017963,-9.430388,0.115052,0.083359,-0.075103
97367.421875,-0.571216,-0.042425,0.819703,2.175276,0.082628,-10.066267,0.017844,0.305208,-0.097208
97370.179688,-0.583556,-0.038191,0.811174,2.699786,-0.084424,-9.933343,0.114253,0.214125,-0.076968
97364.085938,-0.597834,-0.038421,0.800698,2.658472,0.019759,-9.455537,0.049004,0.116650,-0.068712
97368.171875,-0.606176,-0.034943,0.794562,3.330275,-0.210163,-9.193282,0.011718,0.123841,-0.080430
97362.468750,-0.612444,-0.033351,0.789810,3.314108,-0.202978,-9.134006,0.006658,-0.004261,-0.060988
97374.179688,-0.623927,-0.025933,0.781052,3.123704,0.201182,-9.344169,-0.078033,0.113720,-0.080963
97364.187500,-0.623274,-0.018467,0.781786,3.299738,0.084424,-9.117839,-0.095610,0.002663,-0.126770
97363.687500,-0.626356,-0.007657,0.779499,3.782933,0.680784,-8.948990,-0.125971,0.020507,-0.085756
97371.968750,-0.631210,0.007679,0.775574,3.915857,0.686173,-9.128616,-0.087354,0.157398,-0.108394
97372.007812,-0.639842,0.010845,0.768430,2.838098,0.934058,-8.661588,-0.061787,0.067913,-0.065516
97367.382812,-0.641578,0.018331,0.766839,3.831432,0.943039,-8.711884,-0.004794,0.059657,-0.013849
97371.289062,-0.642018,0.021763,0.766380,3.680546,1.093925,-8.153245,-0.025567,-0.125172,-0.087887
97370.625000,-0.635760,0.043418,0.770665,3.175796,1.318458,-8.505313,-0.116117,-0.027698,-0.067913
97360.234375,-0.638812,0.037485,0.768449,3.696712,0.932261,-8.877139,0.018643,-0.051667,-0.024236
97365.796875,-0.626227,0.041956,0.778511,3.824247,1.451382,-9.306447,-0.071109,0.099605,-0.083093
97369.960938,-0.628352,0.059545,0.775647,3.533252,1.754951,-9.389075,-0.059923,0.095610,-0.061787
97366.921875,-0.631299,0.056254,0.773497,3.270998,1.776506,-8.993896,-0.111057,0.054064,-0.023437
97374.046875,-0.629942,0.062681,0.774108,3.576363,1.670526,-8.595126,0.054596,-0.059390,0.064450
97371.742188,-0.633821,0.059323,0.771201,3.989504,1.722618,-8.907676,0.029296,0.065516,-0.015979
97367.234375,-0.627605,0.052818,0.776738,3.533252,1.692081,-9.038803,0.195216,-0.038084,-0.025301
97364.250000,-0.634923,0.054600,0.770644,3.475772,1.541195,-8.914861,0.196547,0.053797,0.059657
97366.007812,-0.647887,0.042254,0.760563,4.961283,0.903521,-8.731642,0.182166,0.240757,-0.139554
97370.312500,-0.667245,0.039066,0.743814,5.399571,0.635878,-8.232281,0.136358,0.230370,0.037285
97370.898438,-0.680481,0.049058,0.731122,4.564308,1.237626,-8.329279,-0.077767,0.260465,-0.111590
97366.531250,-0.686368,0.044282,0.725905,5.307962,1.117277,-8.199947,0.010919,0.078299,0.038883
97367.445312,-0.696988,0.035250,0.716216,5.347479,0.962798,-7.937693,0.097208,0.252475,0.068445
97367.382812,-0.713155,0.028654,0.700420,5.731880,0.984353,-8.065228,0.025301,0.225310,0.133961
97365.757812,-0.725207,0.017649,0.688305,6.177354,0.775986,-7.405999,-0.036486,0.205070,0.086555
97371.804688,-0.741841,0.014610,0.670417,6.655160,0.458047,-6.992858,0.106263,0.341161,0.063385
97373.421875,-0.760578,0.013113,0.649114,7.273075,0.174238,-6.337221,0.041813,0.144880,-0.125439
97370.539062,-0.760510,0.031276,0.648573,6.687493,0.905317,-6.455775,-0.010120,-0.030095,-0.105997
97369.640625,-0.767704,0.031504,0.640030,7.289241,0.948428,-6.484515,-0.063119,0.180834,0.000533
97366.187500,-0.776867,0.038343,0.628496,7.123985,0.862207,-6.026468,0.060456,0.135559,-0.055129
97360.531250,-0.787625,0.033804,0.615227,7.326963,0.955613,-5.805527,-0.011718,0.142483,0.011452
97369.867188,-0.786770,0.037546,0.616104,7.858657,0.961002,-5.514532,-0.001332,0.062320,-0.018643
97368.789062,-0.788244,0.037535,0.614216,8.129893,0.955613,-5.530699,-0.071908,0.076968,0.000266
97374.273438,-0.798593,0.044461,0.600227,7.846084,1.208886,-5.460644,0.005060,0.058059,0.032492
97369.632812,-0.803975,0.029267,0.593943,8.083191,1.054407,-5.286407,-0.022105,0.031426,0.042612
97371.375000,-0.804402,0.036095,0.592988,7.928712,1.072370,-5.313351,-0.040481,0.031959,0.002930
97382.718750,-0.807443,0.031189,0.589121,8.198152,0.973575,-5.139113,-0.036753,0.052466,0.009588
97367.640625,-0.809440,0.039865,0.585847,8.181985,1.131647,-5.016967,-0.017311,0.023969,-0.009588
97371.968750,-0.811638,0.037831,0.582935,7.950267,1.251996,-5.361850,-0.054596,0.004261,-0.023969
97368.460938,-0.808615,0.029124,0.587617,8.072412,1.135239,-4.955894,-0.030627,-0.023703,0.054064
97368.992188,-0.809566,0.032658,0.586119,8.262817,1.194516,-5.022356,-0.033823,-0.135825,0.013050
97373.289062,-0.804158,0.035703,0.593343,8.110134,1.189127,-5.460644,-0.070842,-0.121178,-0.077500
97367.929688,-0.792378,0.037732,0.608862,7.680827,1.058000,-5.629493,-0.038351,-0.199211,0.022638
97369.085938,-0.783450,0.030197,0.620721,7.449109,1.269959,-5.880970,-0.023170,-0.283902,0.083626
97369.820312,-0.769335,0.016545,0.638631,7.009024,1.289718,-5.888155,0.014648,-0.266324,0.046340
97372.203125,-0.762777,0.011458,0.646560,7.309000,1.251996,-6.797065,-0.045808,-0.216522,0.032225
97369.179688,-0.748607,0.019444,0.662728,6.301296,1.072370,-6.854546,-0.099339,-0.321720,0.041280
97372.812500,-0.731466,0.006402,0.681848,6.233038,0.975372,-6.601272,0.108660,-0.343558,0.059657
97374.109375,-0.709451,0.007900,0.704711,6.141428,1.393901,-7.522756,-0.050335,-0.355277,0.079897
97370.328125,-0.684119,0.009350,0.729311,4.602030,1.507066,-7.743697,-0.242089,-0.675931,0.101736
97363.687500,-0.656733,0.007726,0.754084,3.899690,1.316662,-8.961564,-0.219717,-0.153935,-0.105198
97364.476562,-0.638621,0.012311,0.769423,3.585344,1.684896,-8.999286,-0.019974,-0.180302,0.086289
97368.718750,-0.627116,0.004600,0.778912,3.574566,1.557361,-8.582552,0.018643,-0.271651,0.098806
97375.476562,-0.603669,0.006144,0.797212,3.427273,1.807042,-8.284372,0.033291,-0.318790,0.095078
97375.617188,-0.598015,0.009177,0.801432,2.252516,1.880689,-8.286168,-0.029296,-0.204537,0.018909
97366.593750,-0.595590,0.003054,0.803283,2.322570,1.981280,-8.975934,-0.050602,-0.196281,-0.023437
97368.421875,-0.575901,-0.004559,0.817506,2.094445,1.501677,-9.051377,0.157664,-0.243953,0.060722
97388.609375,-0.559580,-0.009124,0.828726,1.512455,1.322051,-8.993896,0.287098,-0.362201,0.110258
97368.789062,-0.540765,-0.033139,0.840521,1.796265,0.529898,-9.751921,0.232235,-0.241556,0.074837
97372.945312,-0.524877,-0.049630,0.849730,0.973575,0.531694,-9.893826,0.192552,-0.286565,0.078033
97370.609375,-0.503758,-0.074964,0.860586,0.326920,0.179626,-10.075248,0.091616,-0.085490,0.011452
97370.164062,-0.496094,-0.073219,0.865176,0.643063,-0.662822,-9.945917,0.204271,-0.124107,-0.097475
97378.359375,-0.477199,-0.097541,0.873365,-0.373623,-0.418530,-9.390871,0.350749,-0.150473,0.156865
97372.203125,-0.464634,-0.104429,0.879323,0.641266,-1.174757,-9.965675,-0.133695,-0.073772,-0.102269
97367.546875,-0.456409,-0.099416,0.884199,-0.395178,-0.907114,-10.060878,0.181899,-0.093213,-0.025833
97365.828125,-0.456254,-0.088842,0.885404,-0.244292,-0.788560,-9.728569,-0.182166,0.055129,-0.122509
97371.375000,-0.445509,-0.101528,0.889502,-0.350272,-0.804727,-10.317743,0.093480,0.081762,-0.182698
97370.984375,-0.443809,-0.098793,0.890659,0.285606,-1.494492,-10.084229,0.114519,-0.027431,-0.176573
97375.734375,-0.464707,-0.076181,0.882181,0.105980,-1.126258,-9.502239,-0.292957,0.354478,-0.417064
97380.226562,-0.453819,-0.090764,0.886459,1.406475,-1.909429,-11.682904,0.104133,-0.083093,-0.490836
97374.406250,-0.466564,-0.051672,0.882977,0.152682,-1.040037,-8.654403,-0.006392,-0.092148,-0.404546
97368.914062,-0.465336,-0.026022,0.884751,0.513732,-0.504750,-9.834548,-0.593637,0.283103,-0.541703
97373.726562,-0.464233,0.003054,0.885708,1.559158,-0.492176,-10.398576,-0.042878,-0.025567,-0.598431
97377.539062,-0.454231,0.040034,0.889984,1.151406,0.041314,-10.060878,-0.090550,0.097741,-0.521729
97378.445312,-0.459218,0.063181,0.886074,0.273032,0.709525,-9.575887,-0.123042,0.041813,-0.267123
97364.546875,-0.450260,0.076078,0.889651,0.278421,0.461640,-8.938212,0.065516,-0.097208,-0.137157
97375.687500,-0.448176,0.082764,0.890106,0.396974,0.747246,-10.606942,-0.179236,0.131298,-0.019175
97382.289062,-0.440170,0.080595,0.894290,0.493973,0.901725,-10.757829,-0.009588,-0.083892,0.159528
97372.031250,-0.436768,0.069945,0.896851,-0.240699,0.134720,-8.943602,0.241556,-0.215456,0.228240
97367.289062,-0.434929,0.046434,0.899267,-1.243015,0.387993,-9.782456,-0.183497,0.054863,0.229838
97367.742188,-0.438407,0.027689,0.898350,-0.053888,0.876577,-10.188413,0.121710,-0.135026,0.329709
97354.140625,-0.438602,0.016752,0.898525,-0.102387,-0.495769,-9.146579,0.319855,-0.246616,0.238094
97371.945312,-0.431293,0.001524,0.902211,-0.781375,-0.574805,-9.275910,-0.005326,-0.030095,0.320122
97373.132812,-0.428783,-0.010681,0.903344,-0.784968,-0.091609,-10.059081,-0.043145,0.013583,0.189090
97369.343750,-0.426185,-0.024441,0.904306,-0.734672,0.107776,-10.141709,-0.090018,-0.087088,0.525191
97365.593750,-0.420631,-0.034926,0.906559,-0.903521,-0.093406,-10.669811,0.018110,-0.044210,0.197346
97374.437500,-0.413030,-0.045555,0.909577,-0.917891,-0.262255,-9.381889,0.025833,-0.149941,0.215456
97374.796875,-0.400491,-0.035158,0.915626,-1.119073,-0.233514,-10.181228,-0.103067,-0.077500,0.194417
97364.640625,-0.394214,-0.056100,0.917305,-1.449585,-0.079036,-9.755513,0.073505,-0.133695,0.180568
97374.796875,-0.390228,-0.053352,0.919171,-1.386716,-0.098795,-8.866362,-0.100404,-0.075902,0.180035
97370.539062,-0.387782,-0.056266,0.920032,-1.438808,0.240699,-10.429112,-0.165920,0.112655,-0.002131
97372.101562,-0.388358,-0.054827,0.919876,-1.645378,-0.012574,-10.105784,0.015180,0.056194,-0.086822
97367.234375,-0.400920,-0.051830,0.914646,-1.298699,-0.386197,-9.065747,0.217321,0.087621,-0.161126
97371.648438,-0.410887,-0.054785,0.910039,-0.558638,-0.176034,-9.326205,-0.193085,0.230370,-0.594436
97374.820312,-0.420817,-0.047438,0.905904,-0.749042,-0.443677,-11.194321,-0.107861,0.279108,-0.265525
97371.781250,-0.430379,-0.035102,0.901965,-0.544268,-0.718506,-10.222542,0.207200,-0.002131,-0.136358
97373.921875,-0.439438,-0.042872,0.897249,-0.687969,-0.727487,-8.911268,0.145413,0.014115,0.081229
97367.421875,-0.439305,-0.051683,0.896850,-0.713117,-1.171165,-9.717792,0.067114,0.041280,0.270319
97371.257812,-0.439138,-0.077764,0.895048,0.391586,-1.302292,-10.836864,-0.042079,0.051401,0.139554
97373.429688,-0.444276,-0.070229,0.893133,-0.034129,-0.955613,-9.317225,0.195748,-0.092415,0.030627
97373.156250,-0.442940,-0.074329,0.893465,-0.044907,-1.183738,-9.277706,0.010120,0.034356,0.028497
97371.390625,-0.444354,-0.085511,0.891761,0.506547,-1.269959,-10.355465,-0.056461,0.111856,0.020507
97373.453125,-0.449234,-0.084990,0.889362,-0.287402,-1.284329,-8.763975,0.317192,-0.155533,0.163257
97372.398438,-0.442471,-0.114039,0.889503,-0.068258,-1.670526,-10.885364,0.030095,-0.270053,0.128102
97377.039062,-0.442913,-0.105021,0.890392,-0.465233,-1.560954,-9.460925,-0.062054,0.003196,0.077234
97363.632812,-0.447508,-0.098084,0.888885,-0.176034,-0.950224,-9.782456,-0.259133,0.137423,0.065249
97369.289062,-0.455532,-0.079223,0.886687,0.350272,-0.811912,-9.771679,-0.260998,0.041547,0.100937
97371.164062,-0.460075,-0.070078,0.885110,0.000000,-0.847837,-9.861492,0.001598,0.014115,0.016778
97366.828125,-0.460973,-0.062790,0.885190,0.330513,-0.382604,-9.944120,0.006924,-0.052466,0.095078
97372.164062,-0.461685,-0.059820,0.885025,-0.238903,-0.409548,-9.825567,-0.004794,-0.005326,0.079098
97369.414062,-0.452724,-0.073415,0.888623,0.260458,-0.490380,-9.581275,0.113454,-0.181633,0.231436
97375.156250,-0.446066,-0.088602,0.890604,0.003593,-0.515528,-9.703421,-0.072440,0.042878,0.303610
97365.273438,-0.443972,-0.108323,0.889469,-0.490380,0.219144,-8.931027,-0.473791,-0.007457,0.961963
97369.882812,-0.438842,-0.144757,0.886827,-0.560435,-0.594564,-10.434501,0.039682,0.099872,0.506016
97369.734375,-0.436278,-0.138405,0.889104,-0.398771,-0.301772,-9.870474,-0.003995,-0.002397,0.001065
97374.703125,-0.439171,-0.139805,0.887459,-0.420326,-0.287402,-9.814790,-0.001598,-0.001065,0.000266
97370.960938,-0.440263,-0.141676,0.886621,-0.422122,-0.317939,-9.821975,-0.005593,0.001332,-0.000799
97375.570312,-0.439958,-0.146653,0.885963,-0.418530,-0.301772,-9.839937,-0.007191,-0.004794,0.001332
97371.968750,-0.440310,-0.150313,0.885174,-0.422122,-0.296384,-9.814790,-0.001598,-0.001598,0.000533
97368.492188,-0.433671,-0.149122,0.888646,-0.445474,-0.325124,-9.804012,-0.003729,-0.000533,-0.001598
97369.156250,-0.439240,-0.147938,0.886105,-0.413141,-0.287402,-9.805808,-0.001332,0.000000,-0.001332
97365.875000,-0.436082,-0.140818,0.888821,-0.431103,-0.328716,-9.791438,0.000000,0.001065,-0.000266
97375.406250,-0.443946,-0.140983,0.884893,-0.434696,-0.296384,-9.821975,-0.000533,0.000799,-0.003196
97361.984375,-0.437217,-0.150817,0.886621,-0.429307,-0.307161,-9.820178,-0.002397,0.000000,-0.001864
97368.398438,-0.442024,-0.151898,0.884048,-0.391586,-0.299976,-9.811197,0.003995,-0.000533,0.062853
97371.507812,-0.443183,-0.152822,0.883309,-0.833467,-0.086221,-9.854307,-0.008789,-0.001864,-0.033823
97370.578125,-0.438541,-0.149709,0.886154,-0.695154,-0.756227,-9.893826,-0.021839,0.017577,0.099339
97374.703125,-0.433205,-0.155588,0.887765,-1.963317,-1.758543,-9.056766,0.017577,0.008522,0.344624
97364.906250,-0.424819,-0.162342,0.890603,-1.251996,-0.964594,-10.373427,0.103334,0.019708,0.397622
97366.578125,-0.427091,-0.160933,0.889772,0.335901,0.244292,-9.951305,-0.037818,0.033024,0.215989
97370.664062,-0.416500,-0.169685,0.893160,-0.163460,-0.028740,-10.010582,0.151805,-0.324117,0.110525
97373.328125,-0.392159,-0.184545,0.901196,-1.158591,-1.128054,-9.645941,0.039682,-0.361668,-0.078832
97362.617188,-0.374677,-0.198176,0.905728,-2.058519,-1.250200,-10.091414,0.193351,-0.249812,0.148875
97370.804688,-0.376065,-0.204282,0.903794,-2.803969,-1.460363,-10.251282,0.094811,-0.037818,0.120911
97359.187500,-0.397495,-0.201829,0.895133,-0.673599,-0.792153,-8.383166,0.295087,0.269520,-0.217321
97363.210938,-0.413364,-0.212851,0.885339,0.008981,-1.259181,-9.507628,-0.126770,0.193085,0.218919
97363.468750,-0.426149,-0.223003,0.876736,-1.841171,-1.789080,-9.618997,0.061521,-0.067646,-0.062320
97359.937500,-0.410666,-0.214596,0.886173,-2.094445,-1.744173,-9.098080,-0.010120,-0.054596,0.056194
97364.351562,-0.407376,-0.209861,0.888821,-0.492176,-1.199905,-9.087302,0.164855,-0.029828,0.075103
97359.750000,-0.414902,-0.208999,0.885537,0.014370,-1.352587,-10.227930,0.060189,0.048737,0.015447
97369.835938,-0.430342,-0.190403,0.882356,-1.040037,-1.255589,-10.319540,-0.696172,0.021040,-0.152604
97366.593750,-0.438224,-0.161614,0.884218,0.183219,-0.713117,-9.909991,-0.309469,0.093480,0.014382
97369.773438,-0.443702,-0.145324,0.884313,-0.497565,-0.199385,-9.714199,0.014914,-0.026632,-0.088420
97368.460938,-0.445495,-0.145938,0.883310,-0.407752,-0.208367,-9.989027,0.052732,-0.019974,-0.003995
97367.765625,-0.446169,-0.154384,0.881532,-0.414937,-0.326920,-9.875862,0.017844,0.003462,0.054596
97366.554688,-0.443477,-0.157612,0.882319,-0.549657,-0.224533,-9.800420,-0.003729,0.002131,0.011718
97368.671875,-0.437784,-0.159335,0.884849,-0.429307,-0.282014,-9.812993,-0.007457,0.000266,-0.002131
97361.765625,-0.441191,-0.154886,0.883946,-0.425715,-0.265847,-9.821975,-0.001598,-0.002131,-0.001065
97373.289062,-0.442947,-0.156425,0.882796,-0.429307,-0.260458,-9.812993,-0.002397,-0.003196,-0.002397
97366.742188,-0.443379,-0.159242,0.882075,-0.432900,-0.253273,-9.804012,0.000000,-0.000266,0.000799
97373.109375,-0.440840,-0.159882,0.883232,-0.409548,-0.260458,-9.796827,-0.002930,-0.001332,-0.002930
97366.281250,-0.448376,-0.158800,0.879626,-0.431103,-0.269440,-9.816586,-0.003995,-0.000533,-0.003196
97370.367188,-0.445214,-0.159226,0.881153,-0.413141,-0.256866,-9.809401,-0.002663,0.001598,-0.000533
97372.078125,-0.441554,-0.158586,0.883108,-0.438289,-0.285606,-9.821975,-0.000266,-0.002663,0.000000
97376.101562,-0.439804,-0.156962,0.884271,-0.423918,-0.256866,-9.818382,-0.002663,0.001864,-0.001598
97370.046875,-0.447616,-0.151263,0.881340,-0.429307,-0.262255,-9.814790,-0.005859,-0.001864,-0.001065
97362.109375,-0.439955,-0.154914,0.884557,-0.436492,-0.258662,-9.814790,-0.002131,0.001864,-0.001065
97376.328125,-0.445049,-0.161836,0.880761,-0.423918,-0.262255,-9.821975,-0.005859,0.002930,-0.002397
97368.562500,-0.440999,-0.148564,0.885126,-0.429307,-0.273032,-9.811197,-0.000266,-0.001864,0.000799
97366.117188,-0.438366,-0.150785,0.886058,-0.427511,-0.262255,-9.818382,0.000533,-0.002663,-0.000799
97365.625000,-0.440558,-0.155126,0.884219,-0.418530,-0.273032,-9.757309,-0.025301,-0.004794,0.002663
97369.867188,-0.436506,-0.150680,0.886994,-1.498085,0.474214,-9.929750,-0.103334,-0.011186,0.169382
97363.976562,-0.442292,-0.147955,0.884583,-0.456251,-0.395178,-9.766291,0.040481,0.002131,0.068445
97370.851562,-0.440082,-0.161726,0.883274,-0.538879,-0.583786,-9.766291,0.030361,0.049270,-0.010653
97385.750000,-0.439867,-0.155981,0.884413,-0.061073,-0.587379,-9.906399,-0.042346,0.049803,-0.192020
97380.367188,-0.448516,-0.156207,0.880019,-0.044907,-0.499362,-9.701625,0.028763,-0.005060,-0.083626
97371.390625,-0.445460,-0.164525,0.880055,-0.237107,-0.553249,-9.690847,0.185362,-0.185628,-0.009854
97375.093750,-0.443299,-0.168361,0.880420,-0.389789,-0.668210,-9.843530,0.055395,-0.018376,0.022105

